X,R,L,P,T,A,V,G,I,F,Y,C,H,Q,N,K,D,E,M,W
S,110,145,74,58,99,124,56,142,155,144,112,89,68,46,121,65,80,135,177
R,NA,102,103,71,112,96,125,97,97,77,180,29,43,86,26,96,54,91,101
L,NA,NA,98,92,96,32,138,5,22,36,198,99,113,153,107,172,138,15,61
P,NA,NA,NA,38,27,68,42,95,114,110,169,77,76,91,103,108,93,87,147
T,NA,NA,NA,NA,58,69,59,89,103,92,149,47,42,65,78,85,65,81,128
A,NA,NA,NA,NA,NA,64,60,94,113,112,195,86,91,111,106,126,107,84,148
V,NA,NA,NA,NA,NA,NA,109,29,50,55,192,84,96,133,97,152,121,21,88
G,NA,NA,NA,NA,NA,NA,NA,135,153,147,159,98,87,80,127,94,98,127,184
I,NA,NA,NA,NA,NA,NA,NA,NA,21,33,198,94,109,149,102,168,134,10,61
F,NA,NA,NA,NA,NA,NA,NA,NA,NA,22,205,100,116,158,102,177,140,28,40
Y,NA,NA,NA,NA,NA,NA,NA,NA,NA,NA,194,83,99,143,85,160,122,36,37
C,NA,NA,NA,NA,NA,NA,NA,NA,NA,NA,NA,174,154,139,202,154,170,196,215
H,NA,NA,NA,NA,NA,NA,NA,NA,NA,NA,NA,NA,24,68,32,81,40,87,115
Q,NA,NA,NA,NA,NA,NA,NA,NA,NA,NA,NA,NA,NA,46,53,61,29,101,130
N,NA,NA,NA,NA,NA,NA,NA,NA,NA,NA,NA,NA,NA,NA,94,23,42,142,174
K,NA,NA,NA,NA,NA,NA,NA,NA,NA,NA,NA,NA,NA,NA,NA,101,56,95,110
D,NA,NA,NA,NA,NA,NA,NA,NA,NA,NA,NA,NA,NA,NA,NA,NA,45,160,181
E,NA,NA,NA,NA,NA,NA,NA,NA,NA,NA,NA,NA,NA,NA,NA,NA,NA,126,152
M,NA,NA,NA,NA,NA,NA,NA,NA,NA,NA,NA,NA,NA,NA,NA,NA,NA,NA,67
