locality,country,latitude,n_s,longitude,e_w
Unknown,Unknown,0,N,0,E
Archangelos,Greece,41.0870018,N,22.29999924,E
Bjeloši1,Montenegro,42.36800003,N,18.88800049,E
Bjeloši2,Montenegro,42.37400055,N,18.90699959,E
Blato,Serbia,43.30099869,N,20.72999954,E
Borovan,Bulgaria,43.4090004,N,23.7689991,E
Borovitsa,Bulgaria,43.59000015,N,22.77000046,E
Borsh,Albania,40.04999924,N,19.85000038,E
Debreste,Macedonia,41.5019989,N,21.29299927,E
Djurinci1,Serbia,44.51200104,N,20.63199997,E
Djurinci2,Serbia,44.49399948,N,20.65299988,E
Duboka,Serbia,44.56900024,N,21.76600075,E
Akcat Merkez,Turkey,40.62042999,N,29.61846924,E
Aleksandrovo,Bulgaria,42.60189819,N,25.09939957,E
Dzembronia,Ukraine,48.06999969,N,24.62000084,E
Efkarpia,Greece,41.05199814,N,22.89800072,E
Fushë-Krujë,Albania,41.52899933,N,19.68199921,E
Garnikovo1,Macedonia,41.27700043,N,22.05999947,E
Gjirokastër,Albania,40.09899902,N,20.12400055,E
Golesh,Bulgaria,43.04600143,N,22.9470005,E
Gorno Srpci,Macedonia,41.0719986,N,21.21899986,E
Gostivar,Macedonia,41.81700134,N,20.89900017,E
Gracen,Albania,41.1570015,N,19.9489994,E
Grza,Serbia,43.89699936,N,21.64599991,E
Gur i Zi,Albania,42.2840004,N,19.56900024,E
Gura Haitii1,Romania,47.19060135,N,25.23740005,E
Gura Haitii2,Romania,47.19820023,N,25.26539993,E
Gura Haitii3,Romania,47.19350052,N,25.25489998,E
Gura Haitii4,Romania,47.20890045,N,25.27599907,E
Harlets,Bulgaria,43.71099854,N,23.84199905,E
Inauţ,Romania,47.52539825,N,24.91300011,E
Izvor,Macedonia,41.52099991,N,21.70999908,E
Jezero,Serbia,43.88999939,N,21.90099907,E
Kavajë,Albania,41.16799927,N,19.55599976,E
Kolibari,Macedonia,41.58000183,N,20.95100021,E
Kolsh,Albania,42.0719986,N,20.32600021,E
El Ballestero,Spain,38.842,N,-2.455,W
Ercina Lake,Spain,43.267,N,-4.981,W
Evora,Portugal,38.535,N,-8.0006,W
Hoyo de Manzanares,Spain,40.597963,N,-3.920767,W
Jublain,France,48.25999832,N,-0.49000001,W
La Manjoya,Spain,43.333542,N,-5.868313,W
Lamuño,Spain,43.562837,N,-6.199628,W
Leicester,UK,52.63333511,N,-1.116666675,W
Llerandi,Spain,43.31,N,-5.2111,W
Llerena,Spain,38.22000122,N,-6.050000191,W
Lloroza Lake,Spain,43.16,N,-4.811,W
Mayenne,France,48.29999924,N,-0.600000024,W
Minas dos Carris,Portugal,41.8148,N,-8.0459,W
Monchique,Portugal,37.217,N,-8.533,W
Navia,Spain,43.53651,N,-6.718959,W
Ourense,Spain,42.336,N,-7.864,W
Pelahustán,Spain,40.16999817,N,-4.590000153,W
Valdemanco,Spain,40.8533,N,-3.645,W
Kovacica,Serbia,45.14099884,N,20.56100082,E
Porto,Portugal,41.153,N,-8.6421,W
Kraków,Poland,50.06129837,N,19.92009926,E
Krempna,Poland,49.47359848,N,21.47520065,E
Krivi Vir,Serbia,43.80099869,N,21.76099968,E
Lera,Macedonia,41.10100174,N,21.16799927,E
Leskoec,Macedonia,40.9620018,N,20.88500023,E
Ljesane,Kosovo,42.64099884,N,20.42499924,E
Ljuberadja,Serbia,43.0320015,N,22.39500046,E
Loznani,Macedonia,41.22100067,N,21.44599915,E
Lushnjë,Albania,41,N,19.66399956,E
Majdanpek,Serbia,44.43399811,N,21.97400093,E
Medjuhana,Serbia,43.29000092,N,21.30699921,E
Nova Varoš,Serbia,43.43000031,N,19.82799911,E
Omalo,Greece,40.89199829,N,22.41300011,E
Opovo,Serbia,45.06100082,N,20.43600082,E
Orik,Albania,40.31000137,N,19.45800018,E
Ostar Kamak,Bulgaria,41.87900162,N,25.85300064,E
Pefkodasos,Greece,41.02999878,N,22.57999992,E
Penteleu3,Romania,45.60630035,N,26.34770012,E
Plopu2,Romania,45.04999924,N,26.14999962,E
Promaja,Serbia,42.6780014,N,22.35700035,E
Pythio,Greece,40.0890007,N,22.20800018,E
R’zanicino,Macedonia,41.91400146,N,21.64299965,E
Rtanj,Serbia,43.77199936,N,21.93199921,E
Rzyki,Poland,49.77560043,N,19.39520073,E
Sighişoara,Romania,46.19179916,N,24.75600052,E
Sisevac,Serbia,43.95700073,N,21.58399963,E
Sopik,Albania,39.7820015,N,20.06999969,E
Strâmba,Romania,47.24760056,N,24.65309906,E
Tazlău,Romania,46.73180008,N,26.47480011,E
Trilofos,Greece,40.35800171,N,22.47699928,E
Vlasi2,Serbia,42.9980011,N,22.63800049,E
Voina,Romania,45.43939972,N,25.04640007,E
Vrtovac,Serbia,43.40399933,N,22.45000076,E
Xërze,Kosovo,42.3409996,N,20.57299995,E
Žabari,Serbia,44.35800171,N,21.1970005,E
Zli Dol,Serbia,42.42200089,N,22.45299911,E
Zlot,Serbia,44.01100159,N,21.96699905,E
Saes,Romania,46.1558,N,24.7683,E
Mihai Bravu,Romania,44.95,N,28.65,E
Kraków2,Poland,50.03993,N,19.91671,E
Yalnizçam,Turkey,41.3333321,N,31.64999962,E
Tazlău17,Romania,46.684,N,26.326,E
Preli,Italy,44.4353,N,9.0567,E
Calice Ligure,Italy,44.2017,N,8.3147,E
Alemdar,Turkey,41.02288818,N,29.2717495,E
Ambleteuse,France,50.77999878,N,1.610000014,E
Ano Kalliniki,Greece,40.85440063,N,21.45059967,E
Ano Pedina,Greece,39.86339951,N,20.70899963,E
Archontochori,Greece,38.6969986,N,21.03930092,E
Arieseni,Romania,46.46530151,N,22.78339958,E
Bahceli,Turkey,39.66419601,N,26.39180565,E
Bakuriani,Georgia,41.72999954,N,43.52999878,E
Barban1,Croatia,45.06349945,N,14.00959969,E
Vilkovo,Ukraine,45.4,N,29.6,E
Bátászek,Hungary,46.20000076,N,18.82349968,E
Bixad,Romania,46.11100006,N,25.91530037,E
Bliznatsi,Bulgaria,43.02099991,N,27.8220005,E
Bogdana,Romania,47.02750015,N,23.03070068,E
Bolătău,Romania,46.64179993,N,26.37630081,E
Brădătel,Romania,47.4905014,N,26.17779922,E
Chur,Russia,57.1,N,52.9833,E
Brădeţelu2,Romania,46.75220108,N,25.09970093,E
Brădeţelu3,Romania,46.75859833,N,25.12929916,E
Bronytsya1,Ukraine,49.4292984,N,23.41250038,E
Bronytsya2,Ukraine,49.43050003,N,23.41270065,E
Brończyce,Poland,50.28749847,N,20.52809906,E
Caltilidere,Turkey,38.84683228,N,27.01941681,E
Carpeniş,Romania,46.32960129,N,23.0618,E
Cărpiniş,Romania,45.87760162,N,23.02619934,E
Cerrage,Albania,40.9253006,N,19.80439949,E
Ciceu,Romania,46.40439987,N,25.78989983,E
Ciolanu,Romania,45.23740005,N,26.5510006,E
Conversano,Italy,40.97000122,N,17.12000084,E
Seben,Turkey,40.584,N,31.637,E
Safibey,Turkey,40.485,N,30.239,E
Meri,Romania,45.22,N,23.382,E
Cuejdiu,Romania,46.99539948,N,26.27420044,E
Demirbey1,Turkey,40.85022354,N,30.49141693,E
Demirbey2,Turkey,40.86033249,N,30.49097252,E
Denizkent,Turkey,40.28944397,N,27.57566643,E
Denizli,Turkey,40.89758301,N,29.55547142,E
Derbentbasi,Turkey,39.94152832,N,26.29580498,E
Dertsen,Ukraine,48.35480118,N,22.64970016,E
Dolni Dabnik,Bulgaria,43.40399933,N,24.47999954,E
Domanovići,Bosnia i Hercegovina,43.13359833,N,17.80260086,E
Donja Ploča,Croatia,44.45569992,N,15.65530014,E
Donji Stoj,Montenegro,41.87829971,N,19.36739922,E
Drugovo,Macedonia,41.4131012,N,20.81509972,E
Aghios Kosmas,Greece,41.083869,N,24.670747,E
Ekaterinburg,Russia,56.8667,N,60.7333,E
Dylym,Russia,43.066667,N,46.616667,E
Gatchina,Russia,59.55,N,30.1,E
Egrigol1,Turkey,39.04972076,N,27.09736061,E
Egrigol2,Turkey,39.02386093,N,27.11083412,E
Erdohorvati,Hungary,48.27539825,N,21.34690094,E
Reni,Ukraine,45.433,N,28.3,E
Ezine,Turkey,39.75311279,N,26.36977768,E
Fushë-Milot,Albania,41.65819931,N,19.67289925,E
Gabułtów,Poland,50.23139954,N,20.11930084,E
Garnikovo2,Macedonia,41.26699829,N,22.05330086,E
Gartatowice,Poland,50.58089828,N,20.63199997,E
Girtoni,Greece,39.73550034,N,22.46960068,E
Gjonce,Albania,40.5544014,N,19.65500069,E
Glušci,Serbia,44.99440002,N,19.72940063,E
Gornja Šabanta,Serbia,43.9557991,N,20.99720001,E
Gorski Senovets,Bulgaria,43.26599884,N,25.90200043,E
Grindul Lupilor,Romania,44.62129974,N,28.80470085,E
Gulluce,Turkey,40.07099915,N,28.35277748,E
Halkapinar,Turkey,38.3128891,N,27.9857502,E
Harmanli,Turkey,40.2282486,N,28.45141602,E
Harsany,Hungary,48.01330185,N,20.76280022,E
Harz,Germany,51.90834808,N,10.33011818,E
Holda,Romania,47.26539993,N,25.66640091,E
Honcharivka,Ukraine,48.86579895,N,25.02260017,E
Minai,Ukraine,48.6,N,22.2833,E
Iorcani,Romania,47.3606987,N,26.52659988,E
Izgrev,Bulgaria,43.59420013,N,26.97699928,E
Izmir Airport,Turkey,38.2804718,N,27.14786148,E
Jasło,Poland,49.73889923,N,21.49259949,E
Jaszcz,Poland,53.56980133,N,18.45429993,E
Jeseniki,Czech Republic,50.07149887,N,17.30719948,E
Jiu Gorge,Romania,45.2521019,N,23.41810036,E
Kapakli,Turkey,38.8730011,N,27.74894524,E
Karaburun,Turkey,41.07118988,N,31.00403023,E
Eskikızılelma,Turkey,40.03435135,N,28.72583961,E
Hürriyet,Turkey,40.27592087,N,28.6498394,E
Evros-Lira,Greece,41.074836,N,26.265864,E
Lidzava,Russia,43.183333,N,40.35,E
Evros-Feres,Greece,40.858794,N,26.18385,E
Goryachiy Kluch2,Russia,44.6666679,N,39.1500015,E
Kalavryta,Greece,38.027286,N,22.045511,E
Goryachiy Kluch,Russia,44.65,N,39.133333,E
Kaluzhskaya,Russia,44.766667,N,38.966667,E
Karagol,Turkey,38.5601387,N,27.21800041,E
Karan,Serbia,43.8905983,N,19.93390083,E
Karasu,Turkey,41.0826683,N,30.7622776,E
Kentriko,Greece,41.16030121,N,22.89249992,E
Kesan,Turkey,40.91666794,N,26.63333321,E
Kleisoura,Greece,39.36240005,N,20.88660049,E
Klisura,Bulgaria,42.33359909,N,23.38030052,E
Kocabei,Turkey,39.35213852,N,28.21680641,E
Komańcza,Poland,49.32799911,N,22.08909988,E
Ruska Lozova,Ukraine,50.1668,N,36.333814,E
Kharkiv,Ukraine,50.0079,N,36.2685,E
Kostanjica,Montenegro,42.08879852,N,19.26320076,E
Kostylivka,Ukraine,48.00400162,N,24.18239975,E
Kryemadh,Albania,42.08779907,N,20.28989983,E
Vilshany,Ukraine,48.348,N,23.62,E
Kuźmina,Poland,49.61869812,N,22.42779922,E
Lachowice,Poland,49.68320084,N,19.41880035,E
Lacu Roşu,Romania,46.77719879,N,25.77090073,E
Lapas,Greece,38.11149979,N,21.40990067,E
Lereşti,Romania,45.37189865,N,25.06100082,E
Lipníky,Slovakia,49.06499863,N,21.42379951,E
Lozenets,Bulgaria,42.20600128,N,27.80200005,E
Lunca Ilvei,Romania,47.3307991,N,24.97459984,N
Lunca Leşului,Romania,47.30379868,N,24.85969925,E
Lypcha,Ukraine,48.27899933,N,23.37969971,E
Lyucha,Ukraine,48.38190079,N,24.90500069,E
Łopuszna,Poland,49.51490021,N,20.14080048,E
Maćkowice,Poland,49.85680008,N,22.71559906,E
Mănăşturel,Romania,47.1894989,N,23.9265995,E
Marginea,Romania,47.79240036,N,25.82410049,E
Memaliaj,Albania,40.34579849,N,19.96240044,E
Milia,Greece,37.59579849,N,22.40870094,E
Mineralnye Vody,Russia,44.20000076,N,43.08333206,E
Mollafeneri,Turkey,40.89435959,N,29.50697136,E
Moševići,Bosnia i Hercegovina,42.93270111,N,17.68420029,E
Krepostnaya,Russia,44.7,N,38.666,E
Loo,Russia,43.666667,N,39.633333,E
Machara,Russia,42.9344,N,41.0879,E
Malaya Ritsa Lake,Russia,43.466667,N,40.5,E
Maikop,Russia,44.6,N,40.1,E
Puče,Slowenia,45.473883,N,13.719678,E
Puče2,Slowenia,45.481725,N,13.720825,E
Frasin,Romania,47.5185,N,25.7685,E
Mursi,Albania,39.69749832,N,20.10350037,E
Myc-Has,Albania,42.10480118,N,20.35289955,E
Mykulychyn,Ukraine,48.37860107,N,24.58779907,E
Myluvannya,Ukraine,48.97470093,N,24.93889999,E
Myslivka,Ukraine,48.79029846,N,23.77179909,E
Nosislav,Czech Republic,49.01666641,N,16.66666603,E
Not_Applicable,Poland,0,N,0,E
Noţig,Romania,47.3628006,N,23.2031002,E
Novi Mihaljevci,Croatia,45.39120102,N,17.67869949,E
Novo Oryahovo,Bulgaria,42.98799896,N,27.84600067,E
Obertyn,Ukraine,48.68799973,N,25.18910027,E
Olaszliszka,Hungary,48.22990036,N,21.41390038,E
Ostar Kamak2,Bulgaria,41.88100052,N,25.85000038,E
Pădureni,Romania,46.56330109,N,26.78809929,E
Paliambela,Greece,38.90869904,N,20.96999931,E
Parvomay,Bulgaria,41.40980148,N,23.13750076,E
Pasul Gutai,Romania,47.70000076,N,23.78000069,E
Pasul Musat1,Romania,45.9632988,N,26.39690018,E
Pasul Musat2,Romania,45.96580124,N,26.40110016,E
Pasul Pascanu,Romania,47.57350159,N,25.51939964,E
Pecica1,Romania,46.13399887,N,21.05220032,E
Pecica2,Romania,46.15439987,N,21.14249992,E
Penteleu1,Romania,45.55960083,N,26.3560009,E
Penteleu2,Romania,45.58969879,N,26.33620071,E
Penteleu4,Romania,45.59569931,N,26.32850075,E
Penteleu5,Romania,45.6006012,N,26.32089996,E
Penteleu6,Romania,45.6072998,N,26.30540085,E
Pereprostynya,Ukraine,49.20569992,N,23.36319923,E
Peştiş1,Romania,47.08909988,N,22.38979912,E
Peştiş2,Romania,47.09180069,N,22.39019966,E
Petru Vodă,Romania,47.15859985,N,26.00510025,E
Pisa,Italy,43.72000122,N,10.39999962,E
Pitireli,Turkey,39.77377701,N,26.45988846,E
Plopu1,Romania,45.05400085,N,26.14839935,E
Pokrzywna,Poland,50.29299927,N,17.45409966,E
Pomi,Romania,47.69350052,N,23.32040024,E
Popovic Brdo,Croatia,45.45220184,N,15.64630032,E
Predeal,Romania,45.48949814,N,25.55870056,E
Kryntsiliv,Ukraine,49.236,N,26.171,E
Radzyny,Poland,52.54769897,N,16.56579971,E
Rakhynya,Ukraine,49.01440048,N,24.03199959,E
Rakovets,Ukraine,49.63489914,N,24.03960037,E
Romuli,Romania,47.51399994,N,24.39259911,E
Rosilna,Ukraine,48.79570007,N,24.33769989,E
Rrashbull,Albania,41.34640121,N,19.50639915,E
Vylkove,Ukraine,45.469,N,29.588,E
Săcărâmb,Romania,45.97090149,N,23.04710007,E
Săcele,Romania,45.54520035,N,25.81920052,E
Sagaiika,Greece,38.10409927,N,21.46910095,E
Salakovac,Croatia,45.05250168,N,14.08689976,E
Samostrzałów,Poland,50.59220123,N,20.6406002,E
Sânpetru de Câmpie,Romania,46.77069855,N,24.27779961,E
Sântimbru,Romania,46.30039978,N,25.77039909,E
Sânzieni,Romania,46.10409927,N,26.1284008,E
Sapanca,Turkey,39.64119339,N,26.40225029,E
Secu,Romania,46.97940063,N,25.47060013,E
Seli,Greece,40.56750107,N,22.02219963,E
Sesuri,Romania,47.59609985,N,24.96430016,E
Sihelne,Slovakia,49.51070023,N,19.38660049,E
Skrzynki,Poland,53.54100037,N,18.48699951,E
Slavhostice,Czech Republic,50.29999924,N,15.35000038,E
Slivnitsa,Bulgaria,42.87400055,N,23.02000046,E
Smerek,Poland,49.16239929,N,22.43600082,E
Smilčić,Croatia,44.12779999,N,15.47659969,E
Şoimuş,Romania,47.29750061,N,23.20299911,E
Spytkowice,Poland,49.99629974,N,19.47649956,E
Srsici,Croatia,45.1446991,N,14.54810047,E
Strahilitsa,Bulgaria,43.48899841,N,26.91600037,E
Subasi,Turkey,40.25980377,N,28.53591728,E
Suceviţa,Romania,47.75279999,N,25.68429947,E
Suvodol,Macedonia,41.50630188,N,21.27420044,E
Teliu,Romania,45.67760086,N,25.91539955,E
Thavmako,Greece,39.14500046,N,22.27630043,E
Tiszacsege,Hungary,47.70740128,N,20.94930077,E
Tivat,Montenegro,42.39659882,N,18.73889923,E
Tolici,Romania,47.09780121,N,26.44989967,E
Trzebciny,Poland,53.62979889,N,18.15410042,E
Tsarski Izvor,Bulgaria,43.24200058,N,25.89800072,E
Tulovo,Bulgaria,42.56200027,N,25.54599953,E
Ulcinj,Montenegro,41.92760086,N,19.23340034,E
Ulukir,Turkey,40.2167778,N,27.6194725,E
Unknown_France,France,0,N,0,E
Unknown_Poland,Poland,0,N,0,E
Vadu,Romania,0,N,0,E
Vagalat,Albania,39.74010086,N,20.13209915,E
Valchek,Bulgaria,43.77600098,N,22.74300003,E
Valea Garboului,Romania,47.21340179,N,23.92149925,E
Valea Ierii,Romania,46.65039825,N,23.35540009,E
Valea Uzului,Romania,46.33509827,N,26.30139923,E
Vama Buzăului,Romania,45.59379959,N,25.95249939,E
Vatos,Greece,39.59999847,N,19.79999924,E
Vernio,Italy,44.02999878,N,11.14999962,E
Viile,Romania,0,N,0,E
Vilsanesti,Romania,45.15269852,N,24.7928009,E
Visuia,Romania,46.83869934,N,24.30459976,E
Vlasi1,Serbia,42.99860001,N,22.64109993,E
Sukhoy Liman Lake,Russia,44.75,N,37.45,E
Comăneşti,Romania,47.6697,N,26.0159,E
Voroneţ,Romania,47.50889969,N,25.87050056,E
Vuchkove,Ukraine,48.43840027,N,23.56719971,E
Vyshkivsky Pass,Ukraine,48.7010994,N,23.6345005,E
Yaliciftlik,Turkey,40.34643936,N,28.7191906,E
Yasna Polyana,Bulgaria,42.27000046,N,27.59600067,E
Yaya,Turkey,40.00963974,N,26.94000053,E
Yenice,Turkey,40.25772095,N,28.11108398,E
Zagrad,Croatia,44.06880188,N,15.53269958,E
Zalaháshágy1,Hungary,46.90850067,N,16.61050034,E
Zalaháshágy2,Hungary,46.92580032,N,16.6215992,E
Zbyny,Ukraine,48.79970169,N,22.95260048,E
Zeicani,Romania,45.50600052,N,22.70899963,E
Zevgolateis,Greece,37.25350189,N,21.9776001,E
Blahnita,Romania,44.975,N,23.5028,E
Balta Vederoasa,Romania,44.1972,N,27.8603,E
Lacul Dunareni,Romania,44.2033,N,27.7853,E
Lacul Oltina,Romania,44.1283,N,27.6308,E
Lacul Sf. Ana,Romania,46.1266,N,25.8897,E
Padurea Raioasa,Romania,44.5447,N,25.8992,E
Păltinoasa3,Romania,47.5793,N,25.9298,E
Soloneţ Nou1,Romania,47.6448,N,25.8463,E
Mihai Bravu2,Romania,44.96,N,28.64,E
Bakuriani2,Georgia,41.7505,N,43.5167,E
Chiantba Lake,Georgia,41.9184,N,45.3691,E
Chorotsk,Georgia,42.4684,N,42.1112,E
Dabadzveli Lake ,Georgia,41.764,N,43.356,E
Khodzhokh,Russia,44.313,N,40.01379,E
Deleni,Romania,47.6126,N,25.98,E
Ilişeşti3,Romania,47.59,N,26.0224,E
Casele Micesti,Romania,46.7,N,23.57,E
Lacul Vederoasa,Romania,44.22,N,27.87,E
Tetri_Tsklebi,Georgia,41.8704,N,45.2581,E
Independenta,Romania,45.4842,N,27.7555,E
Moldovita,Romania,47.6778,N,25.6778,E
Pleşa1,Romania,47.6316,N,25.8345,E
Pleşa2,Romania,47.6379,N,25.837,E
Poiana Micului,Romania,47.6619,N,25.7699,E
Salicea2,Romania,46.68,N,23.53,E
Salicea3,Romania,46.66,N,23.51,E
Soloneţ Nou2,Romania,47.6531,N,25.8578,E
Mercina,Romania,45.0628,N,21.5361,E
Ilişeşti2,Romania,47.5975,N,26.0177,E
Kulevi,Georgia,42.2707,N,41.7102,E
Rast,Romania,43.8839,N,23.2839,E
Svetvinčenat,Croatia,45.06798333,N,13.87651667,E
Dogna,Italy,46.45071371,N,13.30711582,E
Păltinoasa1,Romania,47.577,N,25.9835,E
Păltinoasa2,Romania,47.5721,N,25.9448,E
Tarvisio,Italy,46.51276209,N,13.56959629,E
Salicea,Romania,46.6767,N,23.5261,E
Reci,Romania,45.8397,N,25.9228,E
Padurea Scrovistea,Romania,44.7072,N,26.0161,E
Varvata,Romania,47.6066,N,26.0035,E
Ilişeşti1,Romania,47.5993,N,26.0157,E
Senaki,Georgia,42.178,N,42.0714,E
Teleajen Valley,Romania,45.4389,N,25.9383,E
Zarkadia,Greece,41.018639,N,24.646678,E
Caleri,Italy,45.099609,N,12.331198,E
Cesano Maderno,Italy,45.61666667,N,9.116666667,E
Bollate,Italy,45.55477706,N,9.117818856,E
Donega,Italy,44.94258615,N,9.241838745,E
Castelleone,Italy,45.279965,N,9.762337,E
Păltinoasa6,Romania,47.5701,N,25.9767,E
Capu Cămpului1,Romania,47.5273,N,25.9499,E
Capu Cămpului2,Romania,47.5002,N,25.9469,E
Tazlău2,Romania,46.7321,N,26.3348,E
Tazlău3,Romania,46.7212,N,26.3729,E
Tazlău4,Romania,46.7307,N,26.3714,E
Tazlău5,Romania,46.7171,N,26.3845,E
Tazlău6,Romania,46.7131,N,26.3881,E
Tazlău7,Romania,46.7096,N,26.4032,E
Tazlău8,Romania,46.7115,N,26.4164,E
Tazlău9,Romania,46.7145,N,26.4237,E
Tazlău10,Romania,46.7039,N,26.3523,E
Vădurele,Romania,46.709,N,26.5323,E
Băsăşti,Romania,46.647,N,26.6088,E
Huta Certeze1,Romania,47.9173,N,23.5158,E
Huta Certeze2,Romania,47.9157,N,23.5302,E
Huta Certeze3,Romania,47.8948,N,23.5647,E
Trip,Romania,47.9022,N,23.4063,E
Costâna,Romania,47.6807,N,26.1388,E
Arşiţa1,Romania,46.788,N,25.0045,E
Brădeţelu1,Romania,46.7555,N,25.0606,E
Karasu2,Turkey,41.1190111111111,N,30.650119,E
Demirbey3,Turkey,40.8495,N,30.4935,E
Karasu3,Turkey,41.1163,N,30.6501,E
Ihsaniye,Turkey,41.11883163,N,30.64682961,E
Păltinoasa4,Romania,47.5649,N,25.9505,E
Bichigiu1,Romania,47.4307,N,24.2863,E
Bichigiu2,Romania,47.4576,N,24.2948,E
Bichigiu3,Romania,47.4093,N,24.3589,E
Bichigiu4,Romania,47.403,N,24.3587,E
Dumitra,Romania,47.3222,N,24.4453,E
Runcu Salvei,Romania,47.39,N,24.3295,E
Feldru1,Romania,47.2655,N,24.5962,E
Feldru2,Romania,47.2583,N,24.614,E
Feldru3,Romania,47.2534,N,24.6344,E
Feldru4,Romania,47.2498,N,24.6382,E
Nepos1,Romania,47.2772,N,24.5791,E
Solovăstru1,Romania,46.7611,N,24.7882,E
Ibăneşti1,Romania,46.7555,N,25.058,E
Brădeţelu4,Romania,46.753,N,25.114,E
Solovăstru2,Romania,46.7618,N,24.7515,E
Păuloaia1,Romania,46.8099,N,24.9012,E
Glăjărie,Romania,46.8436,N,24.9462,E
Lăpuşna1,Romania,46.7661,N,25.2206,E
Lăpuşna2,Romania,46.7677,N,25.2434,E
Lăpuşna3,Romania,46.771,N,25.2715,E
Eremitu1,Romania,46.692,N,24.9525,E
Eremitu2,Romania,46.6911,N,24.9442,E
Câmpu Cetăţii1,Romania,46.6895,N,25.0412,E
Câmpu Cetăţii2,Romania,46.7037,N,25.0685,E
Remetea1,Romania,46.7901,N,25.4246,E
Remetea2,Romania,46.8089,N,25.3724,E
Remetea4,Romania,46.8031,N,25.3473,E
Remetea5,Romania,46.8116,N,25.3859,E
Remetea6,Romania,46.7634,N,25.5148,E
Joseni1,Romania,46.7308,N,25.4343,E
Joseni2,Romania,46.7314,N,25.3607,E
Hagota1,Romania,46.8664,N,25.654,E
Ghiduţ1,Romania,46.7796,N,25.5365,E
Ghiduţ2,Romania,46.7622,N,25.5388,E
Hacılar,Turkey,41.4986,N,32.0899,E
Alibahadir,Turkey,41.1839,N,29.2047,E
Denizli2,Turkey,40.8932194444444,N,29.5642,E
Păltinoasa5,Romania,47.5808,N,25.9593,E
Mollafeneri2,Turkey,40.89307,N,29.5076,E
Kuyumculu,Turkey,41.0574,N,30.7886,E
San Romano,Italy,44.00622176,N,12.11947588,E
Mulino di Pianoro,Italy,44.36331902,N,11.33239403,E
Pianoro,Italy,44.38769132,N,11.34438001,E
Terra del Sole,Italy,44.18688812,N,11.96002815,E
Montenovo,Italy,44.07035362,N,12.29735021,E
Senigallia,Italy,43.69057602,N,13.20442436,E
San Severino Marche,Italy,43.23481629,N,13.16876324,E
Bosco Rocconi,Italy,42.748028,N,11.504324,E
Orbetello,Italy,42.44347102,N,11.22202054,E
Greve in Chianti,Italy,43.59165286,N,11.30277973,E
Vargatac1,Romania,46.7473,N,25.6721,E
Ardeluţa,Romania,46.72,N,26.198,E
Bălăceana,Romania,47.653,N,26.017,E
Bicaz,Romania,46.934,N,26.126,E
Akköy,Turkey,39.806,N,27.183,E
Tekeköy,Turkey,41.076,N,29.658,E
Dursunköy,Turkey,41.20748,N,28.64162,E
Hacılar2,Turkey,41.495,N,32.0886,E
Ostroveni,Romania,43.8505,N,23.922,E
Klupe,Bosnia i Hercegovina,44.6013888,N,17.6105555,E
Sokolac,Bosnia i Hercegovina,43.93555555,N,18.81583333,E
Yağcılar,Turkey,40.9025,N,29.6453,E
Stasiana,Poland,49.4653,N,21.7306,E
Il'kvitsy,Ukraine,48.561,N,22.703,E
Synyak,Ukraine,48.564,N,22.841,E
Solochyn,Ukraine,48.606,N,22.967,E
Lypcha2,Ukraine,48.281,N,23.376,E
Lypcha3,Ukraine,48.277,N,23.379,E
Lypcha4,Ukraine,48.287,N,23.384,E
Lypcha5,Ukraine,48.295,N,23.385,E
Lypcha6,Ukraine,48.296,N,23.383,E
Lypcha7,Ukraine,48.295,N,23.379,E
Lypetska Polyana,Ukraine,48.349,N,23.356,E
Karpovtlash,Ukraine,48.207,N,23.379,E
Posich1,Ukraine,48.239,N,23.413,E
Posich2,Ukraine,48.24,N,23.403,E
Posich3,Ukraine,48.238,N,23.403,E
Posich4,Ukraine,48.236,N,23.4,E
Posich5,Ukraine,48.255,N,23.411,E
Medvezhyi1,Ukraine,48.347,N,23.432,E
Medvezhyi2,Ukraine,48.375,N,23.444,E
Medvezhyi3,Ukraine,48.354,N,23.431,E
Medvezhyi4,Ukraine,48.338,N,23.431,E
Medvezhyi5,Ukraine,48.331,N,23.424,E
Zalom,Ukraine,48.259,N,23.317,E
Lypovets,Ukraine,48.298,N,23.314,E
Osava1,Ukraine,48.279,N,23.365,E
Osava2,Ukraine,48.283,N,23.363,E
Osava3,Ukraine,48.288,N,23.363,E
Osava4,Ukraine,48.295,N,23.332,E
Krainje1,Ukraine,48.28,N,23.401,E
Krainje2,Ukraine,48.287,N,23.4,E
Krainje3,Ukraine,48.288,N,23.399,E
Khust,Ukraine,48.165,N,23.329,E
Krainykovo,Ukraine,48.125,N,23.436,E
Lozyanskyi,Ukraine,48.532,N,23.425,E
Lishnya1,Ukraine,49.4,N,23.447,E
Lishnya2,Ukraine,49.408,N,23.452,E
Lishnya3,Ukraine,49.405,N,23.445,E
Lishnya4,Ukraine,49.413,N,23.442,E
Lishnya5,Ukraine,49.426,N,23.43,E
Lishnya6,Ukraine,49.427,N,23.429,E
Bronytsya3,Ukraine,49.431,N,23.411,E
Novoshychi,Ukraine,49.468,N,23.437,E
Cherkhava,Ukraine,49.41,N,23.226,E
Boryslav,Ukraine,49.292,N,23.414,E
Medvezha1,Ukraine,49.419,N,23.349,E
Medvezha2,Ukraine,49.418,N,23.353,E
Medvezha3,Ukraine,49.418,N,23.364,E
Medvezha4,Ukraine,49.424,N,23.395,E
Medvezha5,Ukraine,49.398,N,23.405,E
Medvezha6,Ukraine,49.394,N,23.418,E
Medvezha7,Ukraine,49.389,N,23.423,E
Voloshcha1,Ukraine,49.502,N,23.57,E
Voloshcha2,Ukraine,49.5,N,23.568,E
Zaluzhany,Ukraine,49.507,N,23.443,E
Zubrytsya,Ukraine,49.09,N,23.194,E
Turje,Ukraine,49.286,N,23.112,E
Borleşti,Romania,46.76,N,26.476,E
Brateş,Romania,46.746,N,26.187,E
Ciprian Porumbescu1,Romania,47.581,N,26.062,E
Ciprian Porumbescu2,Romania,47.569,N,26.018,E
Dămuc,Romania,46.714,N,25.924,E
Ditrău,Romania,46.854,N,25.583,E
Filipeşti,Romania,46.77,N,26.904,E
Frasin2,Romania,47.603,N,25.721,E
Gura Humorului1,Romania,47.579,N,25.84,E
Gura Humorului2,Romania,47.586,N,25.817,E
Hănţeşti,Romania,47.746,N,26.346,E
Lăzarea1,Romania,46.756,N,25.584,E
Lăzarea2,Romania,46.75,N,25.591,E
Liteni,Romania,47.543,N,26.517,E
Mestecăniş,Romania,47.448,N,25.292,E
Oneaga,Romania,47.56,N,26.692,E
Păltinoasa10,Romania,47.576,N,25.952,E
Păltinoasa11,Romania,47.584,N,25.922,E
Poienari,Romania,46.919,N,27.076,E
Remetea7,Romania,46.811,N,25.394,E
Remetea8,Romania,46.78,N,25.452,E
Remetea9,Romania,46.771,N,25.441,E
Sadova,Romania,47.567,N,25.505,E
Tarcău,Romania,46.814,N,26.143,E
Tazlău11,Romania,46.711,N,26.405,E
Tazlău12,Romania,46.71,N,26.404,E
Tazlău13,Romania,46.71,N,26.405,E
Tazlău14,Romania,46.71,N,26.415,E
Tazlău15,Romania,46.724,N,26.435,E
Tazlău16,Romania,46.745,N,26.394,E
Tazlău18,Romania,46.698,N,26.346,E
Tazlău19,Romania,46.733,N,26.303,E
Tazlău20,Romania,46.734,N,26.33,E
Tazlău21,Romania,46.736,N,26.323,E
Tazlău22,Romania,46.738,N,26.452,E
Toşorog,Romania,46.895,N,25.832,E
Valea Stânei,Romania,47.561,N,25.155,E
Vargatac2,Romania,46.751,N,25.669,E
Vargatac3,Romania,46.751,N,25.688,E
Vargatac4,Romania,46.761,N,25.699,E
Vargatac5,Romania,46.779,N,25.689,E
Vargatac6,Romania,46.803,N,25.678,E
Vargatac7,Romania,46.764,N,25.661,E
Küçükyenice,Turkey,40.27582932,N,28.84444046,E
Han Pijesak,Bosnia i Hercegovina,44.095833,N,18.9588888,E
Psou,Russia,43.3934,N,40.008,E
Lenkoran',Azerbaijan,38.733,N,48.833,E
Kamennomostskiy,Russia,44.3,N,40.183,E
Glebovka,Russia,44.7,N,37.633,E
Nespolo,Italy,42.152916,N,13.047295,E
Ladispoli,Italy,41.94027914,N,12.09654414,E
Colli del Vivaro,Italy,41.764454,N,12.795384,E
Moricone,Italy,42.10210051,N,12.78738352,E
Bratislava-Dúbravka,Slovakia,48.19705,N,17.03792,E
Orlová,Czech Republic,49.882368,N,18.451416,E
Canale Monterano,Italy,42.12669217,N,12.04627355,E
Sabaudia,Italy,41.34738872,N,13.04323892,E
Dragonje,Slovenia,45.44815,N,13.67649,E
Vagalat2,Albania,39.7701,N,20.1203,E
NPR Šúr,Slovakia,48.22824,N,17.20549,E
Sepino,Italy,41.41004796,N,14.61999506,E
Praha-Karlín,Czech Republic,50.10031,N,14.4603,E
Katsikas,Greece,39.6327,N,20.9004,E
Hadžibegova kula,Bosnia i Hercegovina,42.9509,N,17.8031,E
Kouteli,Greece,38.0274,N,22.0457,E
Na Plachtě,Czech Republic,50.18841,N,15.8603,E
Kovacevka-Lokva,Montenegro,42.72711999,N,18.61188,E
Jabuke-Kamenica,Montenegro,42.69144999,N,18.71153,E
Ceklin-Pijavica,Montenegro,42.36708,N,18.98192,E
Drazevina,Montenegro,42.43020531,N,19.14539009,E
Mantzari,Greece,37.2687,N,21.9694,E
Rakoce-Meka-Lokva,Montenegro,42.66811,N,18.74625,E
Biogradsko-Jezero,Montenegro,42.89584,N,19.6000044,E
Cerova-Lokva,Montenegro,42.72741999,N,18.57677,E
Bukumirsko-Jezero,Montenegro,42.60404999,N,19.55617,E
Trnovacko-Jezero,Montenegro,43.250667,N,18.723024,E
Zminicko-Jezero,Montenegro,43.10014831,N,19.24584385,E
Livadia,Greece,41.0239,N,22.2747,E
Loutros,Greece,40.865,N,26.0454,E
Naousa,Greece,40.6291,N,22.0265,E
Apollonia,Albania,40.71752,N,19.47599,E
Lukovë,Albania,39.99888,N,19.90794,E
Shelegur-Gërmenj,Albania,40.1814,N,20.67441,E
Obârşia Lotrului,Romania,45.42908,N,23.62408,E
Debeli Brijeg,Montenegro,42.476,N,18.464,E
Vassiliki,Greece,38.627778,N,20.611139,E
Gračanica,Montenegro,42.736,N,19.074,E
Majkovi,Croatia,42.773,N,17.911,E
Parížské močiare,Slovakia,47.8582,N,18.50952,E
Gryke Lugje,Albania,42.36101,N,19.63316,E
Buzëliqen,Albania,40.68368,N,20.99716,E
Nipsa,Greece,40.937861,N,26.05625,E
Koridallos,Greece,39.822708,N,21.347356,E
Lefkimmi,Greece,41.033033,N,26.177389,E
Monastiraki,Greece,40.847867,N,26.122433,E
Theodoroi,Greece,39.970306,N,21.524694,E
Lefkimmi2,Greece,41.098489,N,26.102325,E
Lefkimmi3,Greece,41.120389,N,26.147614,E
Komen,Slovenia,45.81894663,N,13.75005709,E
Roč,Croatia,45.39766667,N,14.05086667,E
Rocca di Mezzo,Italy,42.16129167,N,13.63661389,E
Santi Angeli,Italy,45.83406396,N,12.15051348,E
Camaldoli,Italy,43.7939276,N,11.82208697,E
Bijele Poljane,Montenegro,42.607,N,18.885,E
Ajdovščina,Slovenia,45.886,N,13.904,E
Andrevlje,Serbia,45.174,N,19.646,E
Bavanište,Serbia,44.821,N,20.886,E
Beograd,Serbia,44.764,N,20.436,E
Beli Manastir,Croatia,45.773,N,18.611,E
Berkovići,Bosnia and Herzegovina,43.121,N,18.072,E
Bojanje Brdo,Montenegro,42.563,N,18.822,E
Bosansko Grahovo,Bosnia and Herzegovina,44.179,N,16.363,E
Brzak,Macedonia,42.065,N,21.676,E
Bujanovac,Serbia,42.461,N,21.766,E
Čevo,Montenegro,42.545,N,18.916,E
Donji Murići,Montenegro,42.158,N,19.214,E
Erakovice,Montenegro,42.531,N,19.044,E
Gornja Trepča,Montenegro,42.829,N,18.767,E
Igman,Bosnia and Herzegovina,43.74,N,18.25,E
Jelah,Bosnia and Herzegovina,44.65,N,17.956,E
Karlovac,Croatia,45.493,N,15.555,E
Kolašin,Montenegro,42.82,N,19.524,E
Kosić,Montenegro,42.523,N,19.154,E
Krbavsko Polje,Croatia,44.537,N,15.763,E
Kriva Palanka,Macedonia,42.206,N,22.331,E
Lički Osik,Croatia,44.603,N,15.424,E
Metković,Croatia,43.053,N,17.649,E
Milojevići,Montenegro,42.635,N,18.995,E
Mitrova,Serbia,42.999,N,20.361,E
Mokro Polje,Croatia,44.072,N,16.041,E
Nevesinje,Bosnia and Herzegovina,43.32,N,18.089,E
Orahovo,Montenegro,42.243,N,19.062,E
Otok,Croatia,43.683,N,16.74,E
Peščenica,Croatia,45.602,N,16.168,E
Peteranec,Croatia,46.194,N,16.887,E
Pilatovci,Montenegro,42.856,N,18.518,E
Plosna,Croatia,45.347,N,14.544,E
Podstrmec,Slovenia,45.804,N,14.574,E
Preševo,Serbia,42.309,N,21.65,E
Radevo,Serbia,42.573,N,21.055,E
Radenci,Slovenia,46.644,N,16.04,E
Razvuđska Kamenica,Montenegro,42.692,N,18.723,E
Rogaška Slatina,Slovenia,46.233,N,15.638,E
Ropojana,Montenegro,42.496,N,19.815,E
Rudnjača,Montenegro,42.832,N,18.621,E
Rujišta,Montenegro,42.625,N,19.242,E
Seljani,Bosnia and Herzegovina,43.446,N,18.202,E
Sinj,Croatia,43.703,N,16.637,E
Skoplje,Macedonia,41.997,N,21.428,E
Smiljan,Croatia,44.564,N,15.32,E
Stabno,Montenegro,43.199,N,18.722,E
Stracin,Macedonia,42.151,N,22.033,E
Strumica,Macedonia,41.438,N,22.643,E
Švica,Croatia,44.872,N,15.173,E
Turopolje,Croatia,45.648,N,16.139,E
Vojova Kamenica,Montenegro,42.455,N,19.143,E
Zaboj,Montenegro,43.011,N,19.379,E
Kosovo Polje,Serbia,42.637,N,21.093,E
Banatsko Veliko Selo,Serbia,45.827,N,20.594,E
Canavera,Italy,44.92172651,N,9.235536568,E
Alviano,Italy,42.62095356,N,12.24819348,E
San Germiniano,Italy,44.72448333,N,10.44206667,E
Anton,Bulgaria,42.7145,N,24.34925,E
Barlia,Bulgaria,43.1281,N,22.99217,E
Botevgrad,Bulgaria,42.89099,N,23.79257,E
Bov,Bulgaria,43.01915,N,23.43698,E
Dositeevo,Bulgaria,41.91696,N,26.02147,E
Dragoman,Bulgaria,42.93869,N,22.96473,E
Dragoman2,Bulgaria,42.89536,N,23.0056,E
General Todorov,Bulgaria,41.45652,N,23.26974,E
German,Bulgaria,42.58516,N,23.44915,E
Kakrina,Bulgaria,43.09806,N,24.89274,E
Kerkini,Greece,41.22132,N,23.09416,E
Kireevo,Bulgaria,43.78902,N,22.41121,E
Kokalane,Bulgaria,42.5583,N,23.42684,E
Kosovo,Bulgaria,42.62765,N,22.56243,E
Kraymorie,Bulgaria,42.44548,N,27.47128,E
Montana,Bulgaria,43.39541,N,23.23626,E
Ochindol,Bulgaria,43.13952,N,23.46227,E
Palilula,Bulgaria,43.43194,N,23.37304,E
Parvomay2,Bulgaria,41.40301,N,23.12328,E
Petrohan Pass,Bulgaria,43.11878,N,23.12699,E
Radovets,Bulgaria,41.95392,N,26.527,E
Shishmantsi,Bulgaria,42.24399,N,25.00951,E
Skalak,Bulgaria,41.43589,N,25.64431,E
Staro Selo,Bulgaria,44.02319,N,26.5053,E
Steblevë,Albania,41.33526,N,20.47667,E
Tenevo,Bulgaria,42.36063,N,26.54678,E
The Bratia Peak,Bulgaria,42.58976,N,24.16046,E
Therma,Greece,40.49617,N,25.61416,E
Varbitsa,Bulgaria,42.99756,N,26.69673,E
Vladaya,Bulgaria,42.63097,N,23.18347,E
Yarlovtsi,Bulgaria,42.80413,N,22.53266,E
Brza Palanka,Serbia,44.507,N,22.325,E
Debrc,Serbia,44.632,N,19.905,E
Delimeđe,Serbia,43.104,N,20.301,E
Despotovac,Serbia,44.097,N,21.432,E
Dobanovci,Serbia,44.838,N,20.231,E
Đurđevac,Serbia,44.256,N,20.022,E
Gola Glava,Serbia,44.393,N,19.823,E
Gorčinci,Serbia,43.038,N,22.409,E
Grljan,Serbia,43.84,N,22.297,E
Ivanovo,Serbia,44.754,N,20.679,E
Joševa,Serbia,44.582,N,19.404,E
Kijevo,Bosnia and Herzegovina,43.755,N,18.408,E
Kruščica,Serbia,44.931,N,21.475,E
Kumane,Serbia,44.732,N,21.471,E
Kušići,Serbia,43.478,N,20.064,E
Lešnica,Serbia,44.659,N,19.292,E
Ljubovija,Serbia,44.188,N,19.378,E
Makova Sedmica,Serbia,46.148,N,19.674,E
Manastirica,Serbia,44.621,N,22.5,E
Markovo Kale,Serbia,42.582,N,21.888,E
Morović,Serbia,44.975,N,19.194,E
Negotin,Serbia,44.229,N,22.531,E
Obrenovac,Serbia,44.662,N,20.203,E
Orid,Serbia,44.712,N,19.797,E
Oraovica,Serbia,42.864,N,22.071,E
Paskovac,Serbia,44.483,N,19.231,E
Rabe,Serbia,46.112,N,20.253,E
Radojevo,Serbia,45.745,N,20.794,E
Rakari,Serbia,44.23,N,20.169,E
Rutoši,Serbia,43.527,N,19.693,E
Sečanj,Serbia,45.378,N,20.778,E
Sjenica,Serbia,43.274,N,20.003,E
Svetozar Miletić,Serbia,45.874,N,19.243,E
Umka,Serbia,44.681,N,20.32,E
Vatin,Serbia,45.23,N,21.244,E
Velika Drenova,Serbia,43.632,N,21.123,E
Zasavica,Serbia,44.968,N,19.51,E
Zelengora,Bosnia and Herzegovina,43.354,N,18.546,E
Češko Selo,Serbia,44.952,N,21.379,E
Cvetanovačka Bara,Serbia,44.468,N,22.445,E
Dobri Dol,Bulgaria,43.78449,N,23.02317,E
Obedska Bara,Serbia,44.741,N,20.016,E
Petrovo Selo,Serbia,44.418,N,22.157,E
Selevenjske Pustare,Serbia,46.147,N,19.906,E
Tsvetkova Bara,Bulgaria,43.18373,N,23.20461,E
Trešnja Jezero,Serbia,44.606,N,20.571,E
Vršačke Planine,Serbia,45.137,N,21.412,E
Dziewin,Poland,50.08026,N,20.40522,E
Leszczawa Dolna1,Poland,49.669069,N,22.436612,E
Szymbark,Poland,49.603735,N,21.088304,E
Dębki,Poland,54.82889,N,18.096811,E
Riddagshausen,Germany,52.27219,N,10.589025,E
Leszczawa Dolna2,Poland,49.665455,N,22.442827,E
Klewiny,Poland,54.283355,N,22.087731,E
Jasieńczyk,Poland,54.1324,N,21.94,E
Karlovice,Czech Republic,50.108996,N,17.471983,E
Bobove2,Ukraine,48.123,N,23.651,E
Yarok,Ukraine,48.64,N,22.444,E
Krychovo06,Ukraine,48.216,N,23.592,E
Krychovo05,Ukraine,48.202,N,23.588,E
Mala Uholka04,Ukraine,48.193,N,23.63,E
Velyka Uholka07,Ukraine,48.181,N,23.657,E
Velyka Uholka08,Ukraine,48.16,N,23.659,E
Velyka Uholka11,Ukraine,48.175,N,23.662,E
Okruhla01,Ukraine,48.077,N,23.663,E
Okruhla04,Ukraine,48.093,N,23.666,E
Okruhla05,Ukraine,48.103,N,23.67,E
Okruhla06,Ukraine,48.105,N,23.669,E
Okruhla07,Ukraine,48.108,N,23.666,E
Okruhla08,Ukraine,48.109,N,23.664,E
Okruhla09,Ukraine,48.111,N,23.661,E
Okruhla10,Ukraine,48.114,N,23.655,E
Okruhla11,Ukraine,48.116,N,23.652,E
Krychovo07,Ukraine,48.233,N,23.597,E
Krychovo03,Ukraine,48.228,N,23.594,E
Krychovo02,Ukraine,48.222,N,23.591,E
Velyka Uholka12,Ukraine,48.176,N,23.674,E
Velyka Uholka06,Ukraine,48.214,N,23.655,E
Okruhla12,Ukraine,48.119,N,23.652,E
Velyka Uholka05,Ukraine,48.226,N,23.681,E
Velyka Uholka04,Ukraine,48.226,N,23.679,E
Velyka Uholka03,Ukraine,48.235,N,23.673,E
Velyka Uholka01,Ukraine,48.243,N,23.693,E
Velyka Uholka02,Ukraine,48.238,N,23.678,E
Mala Uholka08,Ukraine,48.194,N,23.613,E
Mala Uholka07,Ukraine,48.206,N,23.615,E
Mala Uholka05,Ukraine,48.186,N,23.633,E
Mala Uholka03,Ukraine,48.215,N,23.631,E
Mala Uholka02,Ukraine,48.21,N,23.631,E
Mala Uholka01,Ukraine,48.201,N,23.633,E
Kobyletska Polyana,Ukraine,48.021,N,24.033,E
Turyi Remety,Ukraine,48.721,N,22.555,E
Verkhnya Solotvyna,Ukraine,48.6,N,22.433,E
Nemetska Mokra,Ukraine,48.392,N,23.825,E
Kolochava,Ukraine,48.399,N,23.79,E
Tyachiv,Ukraine,48.022,N,23.6,E
Bobove1,Ukraine,48.137,N,23.656,E
Krychovo01,Ukraine,48.197,N,23.576,E
Hrunyky,Ukraine,48.146,N,23.671,E
Krychovo04,Ukraine,48.2,N,23.583,E
Tereblya02,Ukraine,48.121,N,23.609,E
Ruske Pole2,Ukraine,48.061,N,23.55,E
Velyka Uholka10,Ukraine,48.156,N,23.655,E
Ruske Pole1,Ukraine,48.062,N,23.565,E
Lazy3,Ukraine,48.06,N,23.663,E
Tereblya01,Ukraine,48.118,N,23.558,E
Velyka Uholka09,Ukraine,48.152,N,23.647,E
Mala Uholka10,Ukraine,48.179,N,23.624,E
Mala Uholka09,Ukraine,48.185,N,23.615,E
Mala Uholka06,Ukraine,48.182,N,23.619,E
Solotvyne2,Ukraine,47.958,N,23.896,E
Okruhla03,Ukraine,48.083,N,23.668,E
Solotvyne1,Ukraine,47.971,N,23.839,E
Tsyhanivtsi,Ukraine,48.595,N,22.365,E
Lazy1,Ukraine,48.035,N,23.621,E
Lazy2,Ukraine,48.066,N,23.658,E
Okruhla02,Ukraine,48.082,N,23.667,E
Yablonivka,Ukraine,48.019,N,23.484,E
Vynohradiv,Ukraine,48.135,N,23.054,E
Chornotysiv,Ukraine,48.074,N,23.058,E
Gravouna,Greece,41.008,N,24.678,E
Hakodate,Japan,41.51,N,140.36,E
Sapporo Bankei,Japan,43.029,N,141.285,E
Erimo,Japan,42.07,N,143.15,E
Kitaibaraki-shi,Japan,36.837,N,140.797,E
Yokoze-machi,Japan,35.975,N,139.097,E
Yokosuka-shi,Japan,35.25739,N,139.71722,E
Terschelling,Netherlands,53.39,N,5.31,E
Asturia region,Spain,,,,
Sot de la Font Fresca,Spain,41.736,N,2.432,E
Borgo a Mozzano,Italy,43.9683,N,10.5269,E
Vaiano,Italy,43.9764,N,11.1505,E
Santander,Spain,43.46,N,3.81,W
Daejeon1,South Korea,36.2112,N,127.3344,E
Daejeon2,South Korea,36.1996,N,127.4492,E
Seul,South Korea,37.443,N,126.961,E
Geumsan,South Korea,36.105,N,127.478,E
Cebeli,Turkey,41.121,N,35.33,E
Alushta,Ukraine,44.682,N,34.384,E
Tsodoreti,Georgia,41.729,N,44.572,E
Chiantba Lake2,Georgia,41.914,N,45.299,E
Maceratoio del Rettore,Italy,45.488,N,7.907,E
Torre Palermo,Italy,41.8341,N,16.0383,E
Sessano,Italy,41.6259,N,14.336,E
Circeo,Italy,41.3417,N,13.0392,E
San Quirico,Italy,42.4388,N,13.8373,E
Alviano2,Italy,42.6188,N,12.2431,E
Fuscaldo,Italy,39.417,N,16.033,E
Ecka,Serbia,45.287,N,20.45,E
Senta,Serbia,45.917,N,20.1,E
Yeşiltepe Köyü,Turkey,40.953,N,39.63,E
Karagöl2,Turkey,41.223,N,41.61,E
Köprüyaka,Turkey,41.26,N,42.312,E
Davutköy,Turkey,39.963,N,27.208,E
Gölköy,Turkey,40.083,N,33.347,E
Kethüda,Turkey,41.116,N,36.017,E
Saricaali,Turkey,41.41706,N,27.22331,E
Çakirli,Turkey,40.446,N,37.483,E
Avdancik,Turkey,40.291,N,29.16,E
Hacilar3,Turkey,41.497,N,32.102,E
Dwerniczek,Poland,49.209481,N,22.650359,E
Guardiaregia,Italy,41.435403,N,14.54138,E
Gorga,Italy,41.647622,N,13.070177,E
Wol2,Poland,49.51633,N,21.358,E
Zwi1,Poland,49.513,N,21.48633,E
Wol3,Poland,49.50783,N,21.37883,E
Tirgoviste,Romania,44.933,N,25.45,E
Virfuri,Romania,46.283,N,22.467,E
Karlovo,Bulgaria,42.633,N,24.817,E
Stanisinci,Serbia,43.517,N,20.883,E
Adapazari,Turkey,40.799,N,30.44,E
Bor,Serbia,44.033,N,22.133,E
Karacabey,Turkey,40.223,N,28.341,E
Levski,Bulgaria,43.417,N,25.133,E
Milanovac,Serbia,44.183,N,21.6,E
Mitrašinci,Macedonia,41.75,N,22.767,E
Vitanovac,Serbia,43.733,N,20.8,E
Dafnochori,Greece,40.95,N,22.8,E
Karan2,Serbia,43.888,N,19.926,E
Salihler,Turkey,39.181,N,26.826,E
Abanta Gölu,Turkey,40.612,N,31.288,E
Karakoç,Turkey,41.487,N,32.142,E
Büyük Kalecik,Turkey,38.687,N,30.455,E
Dendrariuma,Bulgaria,42.628,N,23.228,E
Kolarovo,Bulgaria,41.355,N,23.126,E
Alepu,Bulgaria,42.348,N,27.714,E
Bolata,Bulgaria,43.384,N,28.471,E
Livade,Bulgaria,41.4,N,23.61,E
Parshevitsa,Bulgaria,43.139,N,23.471,E
Montana2,Bulgaria,43.416,N,23.222,E
Dojran,Macedonia,41.241,N,22.718,E
Todorovce,Serbia,42.875,N,21.866,E
Grdelica,Serbia,42.874,N,22.066,E
Bejar,Albania,40.429,N,19.85,E
Rugince,Macedonia,42.148,N,21.977,E
Rataje,Serbia,43.477,N,21.106,E
Doganovic,Kosovo,42.216,N,21.189,E
Pogradec,Albania,40.931,N,20.64,E
Prepolac,Kosovo,43.009,N,21.233,E
Kijevo2,Kosovo,42.568,N,20.728,E
Kerameia,Greece,39.562,N,22.081,E
Gornji Varbes,Serbia,43.204,N,21.963,E
Gürbulak,Turkey,40.967,N,39.627,E
Sikole,Serbia,44.177,N,22.313,E
Trnavac,Serbia,44.003,N,22.345,E
Jezero Ploce,Serbia,43.283,N,22.142,E
Baçeköy Merkez,Turkey,41.175,N,28.992,E
Yakacik,Turkey,40.917,N,29.2,E
Hanköy,Turkey,41.002,N,32.616,E
Safaalan,Turkey,41.432,N,28.087,E
Lucane,Serbia,42.417,N,21.717,E
Klokocevac,Serbia,44.333,N,22.2,E
Aranđelovac,Serbia,44.284,N,20.669,E
Bigla,Macedonia,41.933,N,22.667,E
Kentriko2,Greece,41.167,N,22.9,E
Grivac,Serbia,43.967,N,20.667,E
Resavica Pecina,Serbia,44.05,N,21.6,E
Probistip,Macedonia,41.983,N,22.167,E
Visegrad,Bosnia and Herzegovina,43.783,N,19.333,E
Divcibare,Serbia,44.1,N,19.933,E
Tavna Monastire,Bosnia and Herzegovina,44.6,N,19.067,E
Sugören,Turkey,40.554,N,29.325,E
Shumnatitsa,Bulgaria,42.297,N,23.626,E
Zverino,Bulgaria,43.094,N,23.58,E
Alistrati,Greece,41.077,N,23.973,E
Petrovac,Macedonia,41.939,N,21.615,E
Delimedje,Serbia,43.091,N,20.265,E
Zygos-Mikro,Greece,39.823,N,21.261,E
Bozdag,Turkey,38.367,N,28.103,E
Kirazliyayla,Turkey,40.125,N,29.047,E
Çibanköy,Turkey,41.202,N,34.038,E
Alibahadir2,Turkey,41.187,N,29.205,E
Adapazari2,Turkey,40.79999924,N,30.39999962,E
Budeni,Romania,45.768,N,26.839,E
Ciuperceni,Romania,44.94,N,23.007,E
Donana,Spain,36.8525,N,-6.394,W
Fito,Spain,42.439,N,-5.1932,W
Jesus Lake,Spain,43.175,N,-5.055,W
Valdesamario,Spain,42.7193,N,-5.9558,W
Wansan-Gu,South Korea,35.784,N,127.122,E
San Rafael2,USA,37.98965,N,-122.4839,W
San Rafael1,USA,37.99276,N,-122.51006,W
Stunt Ranch Reserve,USA,34.09375,N,-118.65698,W
Waco,USA,31.47148,N,-97.28183,W
Grand Island,USA,41.00293,N,-98.71473,W
Cassoday,USA,38.10633,N,-96.57313,W
Mugu State Park,USA,34.12937,N,-118.98747,W
Mexico,USA,39.18865,N,-91.98295,W
Keşan2,Turkey,40.924,N,26.635,E
Sremski Karlovski,Serbia,45.175,N,19.991,E
Jublain3,France,48.22,N,-0.488,W
Viterbo,Italy,42.703,N,13.325,E
Belgeard,France,48.259,N,-0.574,W
Jublain5,France,48.239,N,-0.552,W
Audresselles,France,50.821,N,1.602,E
Jublain4,France,48.251,N,-0.469,W
Foz de Alge,Portugal,39.806,N,-8.3,W
Valongo,Portugal,41.168,N,-8.5,W
Alferce,Portugal,37.335,N,-8.506,W
Aerdenhout,Netherlands,52.374,N,4.601,E
Prkovac,Croatia,45.569,N,16.094,E
Radetići,Croatia,45.146,N,13.842,E
Katex,Azerbaijan,41.646,N,46.543,E
Jublain2,France,48.23409,N,-0.52654,W
Marcille-la-Ville,France,48.31223,N,-0.51348,W
Karczunek 1,Poland,49.889,N,22.382,E
Chmielnik 2,Poland,49.991,N,22.098,E
Wapowce 2,Poland,49.83,N,22.622,E
Wapowce 1,Poland,49.824,N,22.62,E
Posada Rybotycka,Poland,49.641,N,22.603,E
Średnia 5,Poland,49.832,N,22.591,E
Średnia 4,Poland,49.82,N,22.601,E
Łomna,Poland,49.632,N,22.483,E
Bircza,Poland,49.669,N,22.476,E
Arłamów,Poland,49.624,N,22.624,E
Trójca,Poland,49.645,N,22.54,E
Krzeczkowa 1,Poland,49.729,N,22.576,E
Chołowice,Poland,49.752,N,22.552,E
Boguszówka,Poland,49.707,N,22.543,E
Krzeczkowa 2,Poland,49.735,N,22.583,E
Żohatyn 2,Poland,49.739,N,22.333,E
Żohatyn 1,Poland,49.736,N,22.341,E
Huta Brzuska,Poland,49.732,N,22.535,E
Huta Poręby,Poland,49.718,N,22.251,E
Malawa 2,Poland,49.692,N,22.425,E
Malawa 1,Poland,49.69,N,22.415,E
Iskań 3,Poland,49.804,N,22.415,E
Iskań 2,Poland,49.792,N,22.392,E
Wola Rafałowska,Poland,49.997,N,22.192,E
Wyręby,Poland,49.825,N,22.121,E
Iskań 1,Poland,49.79,N,22.441,E
Chmielnik 1,Poland,49.985,N,22.099,E
Hyżne,Poland,49.906,N,22.74,E
Szklary,Poland,49.872,N,22.235,E
Błażowa,Poland,49.897,N,22.123,E
Brzezówka,Poland,49.918,N,22.146,E
Średnia 2,Poland,49.837,N,22.58,E
Średnia 1,Poland,49.823,N,22.562,E
Wola Węgierska,Poland,49.852,N,22.552,E
Średnia 3,Poland,49.853,N,22.615,E
Nienadowa,Poland,49.865,N,22.442,E
Bachórz,Poland,49.831,N,22.295,E
Tarnawka 2,Poland,49.943,N,22.239,E
Tarnawka 1,Poland,49.955,N,22.237,E
Tarnawka 3,Poland,49.944,N,22.247,E
Rzeki,Poland,49.942,N,22.322,E
Skopusz,Poland,49.884,N,22.528,E
Husów 2,Poland,49.973,N,22.305,E
Husów 1,Poland,49.952,N,22.312,E
Karczunek 2,Poland,49.889,N,22.392,E
Hadle Szklarskie 3,Poland,49.917,N,22.268,E
Hadle Szklarskie 2,Poland,49.927,N,22.287,E
Hadle Szklarskie 1,Poland,49.914,N,22.281,E
Gurleyville,USA,41.8232,N,-72.2378,E
Watertown,USA,41.651,N,-73.0931,W
Eastford,USA,41.838,N,-72.0913,W
Willington,USA,41.851233,N,-72.247783,W
Eastford2,USA,41.86857,N,-72.09538,W
Sugar Pine,USA,37.44605,N,-119.6501333,W
Mariposa,USA,37.49648333,N,-119.8894833,W
Willington2,USA,41.84052,N,-72.24107,W
Three Rivers,USA,36.38155,N,-118.8678667,W
Three Rivers2,USA,36.42316,N,-118.90856,W
Gorda,USA,35.83629,N,-121.39137,W
Vheeler Canyon,USA,34.32975,N,-119.1411167,W
Vheeler Canyon2,USA,34.35123333,N,-119.1474167,W
Springville,USA,36.15432,N,-118.736,W
Springville2,USA,36.17457,N,-118.698,W
San Luis Obispo,USA,35.24091,N,-120.77551,W
Santa Margarita,USA,35.35098,N,-120.631,W
Berlin Heights,USA,41.32,N,-82.53,W
Berlin Heights2,USA,41.34,N,-82.48,W
Glennville,USA,35.73748,N,-118.618,W
Hinckley,USA,41.21,N,-81.73,W
Mansfield,USA,41.85,N,-72.32,W
Willington3,USA,41.84,N,-72.24,W
Somers,USA,41.97,N,-72.41,W
Białogóra,Poland,54.822247,N,17.9974,E
Kopanina,Poland,52.550898,N,16.55314,E
Posada Rybotycka2,Poland,49.666386,N,22.587813,E
Brody,Poland,49.8784,N,19.725,E
Markarova cave,Croatia,45.03,N,15.25,E
Vedrine cave,Croatia,43.62,N,16.74,E
Pincinova cave,Croatia,45.28,N,13.63,E
Rupečica cave,Croatia,45.18,N,15.22,E
Cillarese,Italy,40.6,N,17.9,E
Unknown farm,China,0,N,0,E
La Gornal,Spain,41.26,N,1.65,E
Lake Mellach,Algeria,36.891,N,8.3292,E
Dakar,Senegal,14.6847,N,-17.4077,W
Tabarka,Tunisia,36.9739,N,8.761,E
Tunis,Tunisia,36.8217,N,10.3749,E
Tunis2,Tunisia,37.087,N,10.2085,E
Rabat,Morocco,34.0011,N,-6.8934,W
Bizerte,Tunisia,37.1879,N,9.854,E
Bahiret el Bibane,Tunisia,33.2682,N,11.301,E
Chergui,Tunisia,34.7768,N,11.175,E
Annaba,Algeria,36.8992,N,7.785,E
Cádiz,Spain,36.5268,N,-6.293,W
Bardawil,Egypt,31.102,N,33.2074,E
Marsala,Italy,37.7992,N,12.4378,E
Torre Rinalda,Italy,40.48,N,18.15,E
Doazon,France,43.44,N,-0.53,W
Tudela,Spain,42.13,N,-1.62,W
Giancola,Italy,40.6,N,17.5,E
Simeto,Italy,37.5088,N,15.0996,E
Nebrodi Mountains,Italy,37.8979,N,14.5778,E
Le Cesine,Italy,40.3,N,18.35,E
San Leonardo,Italy,37.1586,N,15.0351,E
Mistretta,Italy,37.9269,N,14.3669,E
Mezkiritz,Spain,42.97,N,-1.41,W
Laguna Ojos de Villaverde,Spain,38.81,N,-2.37,W
Sils,Spain,41.8,N,2.74,E
Brenne,France,46.74,N,1.23,E
Corleone,Italy,37.8129,N,13.3006,E
Riudaneres,Spain,41.84,N,2.68,E
Aldeanueva de la Vera,Spain,40.13,N,-5.69,W
Caldes de Malavella,Spain,41.83,N,2.79,E
Olite,Spain,42.49,N,-1.63,W
Sequia Major,Spain,41.08,N,1.18,E
Barranco Valdelafuente,Spain,42.14,N,-1.67,W
Plan-de-la-Tour,France,43.34,N,6.55,E
Sciacca,Italy,37.507,N,13.0827,E
Lliça d’Amunt,Spain,41.61,N,2.24,E
Candillargues,France,43.63,N,4.08,E
Donana2,Spain,36.99,N,-6.42,W
Ragusa,Italy,36.9275,N,14.7266,E
Laguna de Cañada del Hoyo,Spain,39.98,N,-1.86,W
Leucate,France,42.91,N,3.04,E
Soto Ramalete,Spain,42.16,N,-1.65,W
Castelvetrano,Italy,37.6769,N,12.7924,E
Alcántara,Spain,39.85,N,-6.92,W
Ramatuelle,France,43.21,N,6.61,E
Marais d'Orx,France,43.6,N,-1.4,W
Fasana,Italy,39.205,N,17.1244,E
Peralta,Spain,42.36,N,-1.79,W
Licata,Italy,37.0996,N,13.9405,E
Torre Guaceto,Italy,40.71,N,17.79,E
Mazara del Vallo,Italy,37.6543,N,12.5891,E
Le Verdon-sur-Mer,France,45.54,N,-1.08,W
Sibari,Italy,39.7477,N,16.4533,E
Sanatacara,Spain,42.37,N,-1.56,W
Matera,Italy,40.7,N,16.7,E
Zarza-Capilla,Spain,38.8,N,-5.14,W
Rauccio,Italy,40.37,N,18.17,E
Tâmega River,Portugal,41.63,N,-7.65,W
Morelli,Italy,40.5,N,17.8,E
Alcamo,Italy,37.9876,N,12.9574,E
Nicosia,Italy,37.7469,N,14.3952,E
Vendicari,Italy,36.8076,N,15.0958,E
Laguna de Rada,Spain,42.3,N,-1.58,W
Agrigento,Italy,37.3109,N,13.5757,E
Pitillas,Spain,42.44,N,-1.59,W
Salemi,Italy,37.8189,N,12.799,E
Rada,Spain,42.32,N,-1.57,W
Castillamare del Golfo,Italy,38.0271,N,12.8817,E
Cabanillas,Spain,42.02,N,-1.55,W
Urt,France,43.5,N,-1.29,W
Tenebron,Spain,40.64,N,-6.36,W
Dax2,France,43.7,N,-1.08,W
Tenuta di Castelporziano,Italy,41.6996,N,12.3979,E
Le Cailar,France,43.6,N,4.26,E
Ter River,Spain,41.84,N,2.72,E
Ugento,Italy,39.87,N,18.14,E
Torre Salsa reserve,Italy,37.3348,N,13.4218,E
Dax,France,43.71,N,-1.08,W
Bassussari,France,43.43,N,-1.5,W
Ares,France,44.78,N,-1.15,W
Irati River,Spain,42.71,N,-1.33,W
Bardenas Reales Natural Park,Spain,42.28,N,-1.58,W
Tarsia,Italy,39.6202,N,16.2683,E
Osor,Spain,41.95,N,2.56,E
Cedillo,Spain,39.64,N,-7.48,W
The Grand Etang La Jemaye,France,45.16,N,0.28,E
Cornalvo,Spain,38.99,N,-6.19,W
Étang Noir,France,43.7,N,-1.36,W
Ujue,Spain,42.47,N,-1.46,W
Hourtin,France,45.18,N,-1.06,W
Olot,Spain,42.18,N,2.49,E
Vilobí d'Onyar,Spain,41.89,N,2.74,E
Pollino National Park,Italy,39.9382,N,16.1291,E
Traibuenas,Spain,42.37,N,-1.64,W
Metaponto,Italy,40.36,N,16.81,E
Caparroso,Spain,42.34,N,-1.69,W
Arielz,Spain,42.71,N,-1.26,W
Marais de Bruges,France,44.9,N,-0.6,W
Badine Escudera,Spain,42.27,N,-1.7,W
Deux-Évailles,France,48.1822,N,-0.5075,W
Montourtier3,France,48.2097,N,-0.582,W
Chantrigné,France,48.4203,N,-0.5702,W
Marcille-la-Ville2,France,48.3247,N,-0.5118,W
Mayenne2,France,48.3117,N,-0.5892,W
Sacé,France,48.1778,N,-0.6878,W
Château-Gontier,France,47.8076,N,-0.7094,W
Saint-Ouën-des-Vallons,France,48.1721,N,-0.5405,W
Martigné-sur-Mayenne,France,48.192,N,-0.6416,W
Javron-les-Chapelles,France,48.4252,N,-0.2887,W
Saint-Aignan-de-Couptrain,France,48.4712,N,-0.3068,W
Champgenéteux,France,48.2901,N,-0.3997,W
Saint-Cyr-en-Pail,France,48.4437,N,-0.2653,W
Rouessé-Vassé,France,48.1528,N,-0.1978,W
Javron-les-Chapelles2,France,48.4338,N,-0.2909,W
Carelles,France,48.3966,N,-0.9007,W
Montourtier2,France,48.2343,N,-0.5265,W
Hambers,France,48.2375,N,-0.4054,W
Alexain,France,48.2349,N,-0.7058,W
Montourtier,France,48.2211,N,-0.5344,W
Châtres-la-For?t,France,48.1382,N,-0.4297,W
Errif1,Ireland,53.675075,N,-9.4959742,W
Ballinatra2,Ireland,54.57989444,N,-8.09585,W
Ballinatra1,Ireland,54.58326111,N,-8.146313889,W
Gweebara2,Ireland,54.86930278,N,-8.166916667,W
Gweebara1,Ireland,54.88511667,N,-8.151622222,W
Cottoners2,Ireland,52.01595,N,-9.790861111,W
Cottoners1,Ireland,52.04034444,N,-9.795738889,W
Errif2,Ireland,53.631367,N,-9.609335,W
Boškov,Czech Republic,49.621,N,17.602,E
Břidličná,Czech Republic,49.92,N,17.361,E
Čakovice,Czech Republic,49.88,N,14.57,E
Branná,Czech Republic,50.15,N,17,E
Běleč nad Orlicí 2,Czech Republic,50.179,N,15.915,E
Hanušovice,Czech Republic,50.09,N,16.94,E
Běleč nad Orlicí 1,Czech Republic,50.188,N,15.947,E
Bílá,Czech Republic,49.443,N,18.453,E
Bruntál 2,Czech Republic,49.988,N,17.438,E
Dětřichov nad Bystřicí 2,Czech Republic,49.845,N,17.384,E
Bouzov – Kadeřín,Czech Republic,49.666,N,16.878,E
Břidličná 2,Czech Republic,49.921,N,17.396,E
Heřmanovice 3,Czech Republic,50.186,N,17.351,E
Bytíz,Czech Republic,49.67,N,14.08,E
Čenkovice,Czech Republic,50.015,N,16.697,E
Boňkov 1,Czech Republic,49.609,N,17.666,E
Červená Voda,Czech Republic,50.048,N,16.715,E
Dívčí Hrad – Sádek,Czech Republic,50.252,N,17.639,E
Budětsko,Czech Republic,49.588,N,16.92,E
Bystřička,Czech Republic,49.423,N,17.954,E
Bukovany,Czech Republic,49.61,N,17.358,E
Harasov,Czech Republic,50.42,N,14.58,E
Dlouhá Stráň,Czech Republic,49.943,N,17.511,E
Silvalde2,Portugal,40.9923,N,-8.6459,W
Silvalde3,Portugal,40.9861,N,-8.6452,W
Silvalde4,Portugal,40.9857,N,-8.6465,W
Silvalde5,Portugal,40.9883,N,-8.6464,W
Andújar5,Spain,38.1218,N,-3.975,W
Andújar6,Spain,38.1486,N,-3.9453,W
Andújar7,Spain,38.1498,N,-4.0152,W
Andújar8,Spain,38.1643,N,-3.9955,W
Andújar9,Spain,38.1751,N,-4.0098,W
Virgen de la Cabeza,Spain,38.1788,N,-4.0361,W
Virgen de la Cabeza2,Spain,38.1818,N,-4.038,W
Virgen de la Cabeza3,Spain,38.1836,N,-4.0414,W
Valencia del Ventoso,Spain,38.2277,N,-6.483,W
Navas de San Juan,Spain,38.3154,N,-3.3747,W
Riópar,Spain,38.4999,N,-2.419,W
Balazote,Spain,38.8785,N,-2.2005,W
Parque Natural de Cornalvo,Spain,39.0199,N,-6.1762,W
Tomelloso - Embalse de Peñarroya,Spain,39.0612,N,-3.0063,W
La Roda,Spain,39.2004,N,-2.165,W
Casar de Cáceres,Spain,39.575,N,-6.4293,W
Alcalá la Real,Spain,37.4614,N,-3.9286,W
Martos,Spain,37.71186,N,-3.97546,W
Jaén,Spain,37.7864,N,-3.7751,W
Cordoba,Spain,37.8738,N,-4.7865,W
Alcolea,Spain,37.9319,N,-4.663,W
Andújar,Spain,38.0322,N,-4.06231,W
Andújar2,Spain,38.0353,N,-4.05397,W
Andújar3,Spain,38.06753,N,-4.03649,W
Andújar4,Spain,38.06631,N,-4.0362,W
Linares,Spain,38.08646,N,-3.62234,W
Virgen de la Cabeza4,Spain,38.1779,N,-4.0371,W
Peñarroya-Pueblonuevo,Spain,38.2981,N,-5.2649,W
Alcolea2,Spain,38.0121,N,-4.6522,W
Úbeda,Spain,38.0124,N,-3.3768,W
Beja,Portugal,38.0178,N,-7.8643,W
Adamuz,Spain,38.0389,N,-4.6724,W
Pedrezuela,Spain,40.7448,N,-3.6105,W
El Vellón,Spain,40.785,N,-3.5447,W
Torrelaguna,Spain,40.8247,N,-3.5422,W
Torrelaguna2,Spain,40.8272,N,-3.5349,W
Peñalara,Spain,40.8279,N,-3.984,W
Torrelaguna3,Spain,40.8283,N,-3.5358,W
Torrelaguna4,Spain,40.8294,N,-3.5417,W
Torrelaguna5,Spain,40.8311,N,-3.5442,W
Torrelaguna6,Spain,40.8358,N,-3.5549,W
Villanueva de los Escuderos,Spain,40.0416,N,-2.3021,W
Cólliga,Spain,40.0452,N,-2.2596,W
Colliguilla,Spain,40.0515,N,-2.2256,W
Villar del Horno,Spain,40.0662,N,-2.4577,W
Domašov nad Bystřicí,Czech Republic,49.743,N,17.443,E
Dvorce – Rejchartice,Czech Republic,49.813,N,17.522,E
Dolní Moravice,Czech Republic,49.986,N,17.317,E
Fulnek 2,Czech Republic,49.706,N,17.917,E
Cuenca10,Spain,40.0686,N,-2.2135,W
Cuenca11,Spain,40.0686,N,-2.2011,W
Cuenca12,Spain,40.0724,N,-2.2057,W
Cuenca13,Spain,40.073,N,-2.2059,W
Cuenca14,Spain,40.0732,N,-2.2052,W
Cuenca15,Spain,40.0742,N,-2.21,W
Cuenca16,Spain,40.0746,N,-2.2088,W
Chillaron de Cuenca,Spain,40.0932,N,-2.2101,W
Chillaron de Cuenca2,Spain,40.0953,N,-2.2216,W
Chillaron de Cuenca3,Spain,40.096,N,-2.2077,W
Chillaron de Cuenca4,Spain,40.099,N,-2.2163,W
Horche,Spain,40.5657,N,-3.0641,W
Sella4,Spain,38.6122,N,-0.2448,W
Caudete,Spain,38.7649,N,-0.9826,W
Montealegre del Castillo,Spain,38.8308,N,-1.3391,W
Puerto de la Ragua,Spain,37.1125,N,-3.0331,W
Nava de San Pedro,Spain,37.8919,N,-2.8647,W
Revolcadores,Spain,38.0769,N,-2.2844,W
Sella5,Spain,38.6116,N,-0.2459,W
Sella6,Spain,38.6132,N,-0.243,W
Sella7,Spain,38.6147,N,-0.2394,W
Sella8,Spain,38.6149,N,-0.2383,W
Sella9,Spain,38.6155,N,-0.2364,W
Sella10,Spain,38.618,N,-0.2308,W
Sella11,Spain,38.6187,N,-0.2275,W
Sella12,Spain,38.6194,N,-0.234,W
Sella13,Spain,38.6388,N,-0.1897,W
Sella14,Spain,38.62711,N,-0.22439,W
Navalilla,Spain,41.3417,N,-3.9343,W
Navalilla2,Spain,41.3424,N,-3.9327,W
Carrascal del Rio2,Spain,41.3672,N,-3.8992,W
Cuéllar,Spain,41.4003,N,-4.3176,W
Fortuna,Spain,38.2007,N,-1.1694,W
Siera de la Pila,Spain,38.2644,N,-1.1898,W
El Pinós,Spain,38.4336,N,-1.0142,W
Agost,Spain,38.4402,N,-0.6385,W
Orcheta,Spain,38.5754,N,-0.2636,W
Orcheta2,Spain,38.5797,N,-0.2703,W
Orcheta3,Spain,38.5785,N,-0.2809,W
Relleu,Spain,38.5895,N,-0.3086,W
Relleu2,Spain,38.5907,N,-0.3093,W
Sella,Spain,38.6053,N,-0.2521,W
Sella2,Spain,38.6103,N,-0.2642,W
Sella3,Spain,38.6152,N,-0.2378,W
Serranía de Cuenca,Spain,40.1282,N,-2.1147,W
Alcalá de la Selva,Spain,40.3693,N,-0.6706,W
Carrascal del Rio,Spain,41.3667,N,-3.8974,W
Cobos de Fuentidueña,Spain,41.3821,N,-3.9277,W
Cobos de Fuentidueña2,Spain,41.38245,N,-3.92674,W
San Miguel de Bernúy,Spain,41.397,N,-3.9523,W
San Miguel de Bernúy2,Spain,41.3997,N,-3.9534,W
San Miguel de Bernúy3,Spain,41.4006,N,-3.9533,W
Tejares,Spain,41.428,N,-3.9071,W
Granja de Moreruela,Spain,41.8119,N,-5.7781,W
Burgos,Spain,42.35,N,-3.7,W
Villaescusa de las Torres,Spain,42.7554,N,-4.2552,W
Oriñon,Spain,43.401,N,-3.3263,W
Chiclana de la Frontera,Spain,36.3733,N,-6.187,W
Marbella,Spain,36.4901,N,-4.7757,W
Torcal de Antequera,Spain,36.9547,N,-4.5444,W
Xàtiva,Spain,38.9858,N,-0.52,W
Alzira,Spain,39.1251,N,-0.3862,W
Buñol,Spain,39.4183,N,-0.7908,W
València - Burjassot,Spain,39.5,N,-0.416,W
Gilet,Spain,39.6699,N,-0.3482,W
Boniches,Spain,39.9854,N,-1.6287,W
Cuenca,Spain,40.0667,N,-2.1333,W
Cuenca2,Spain,40.0746,N,-2.2046,W
Cuenca3,Spain,40.0746,N,-2.1996,W
Cuenca17,Spain,40.0747,N,-2.2005,W
Cuenca4,Spain,40.0754,N,-2.2068,W
Cuenca5,Spain,40.0761,N,-2.204,W
Cuenca6,Spain,40.0789,N,-2.1386,W
Cuenca7,Spain,40.0813,N,-2.2016,W
Nohales2,Spain,40.0829,N,-2.1833,W
Nohales,Spain,40.0854,N,-2.1789,W
Vila Nova de Gaia - Francelos7,Portugal,41.0801,N,-8.6563,W
Vila Nova de Gaia - Francelos8,Portugal,41.0828,N,-8.6563,W
Vila Nova de Gaia - Madalena,Portugal,41.104,N,-8.6614,W
Porto - Jardim Botânico,Portugal,41.1533,N,-8.6434,W
Subportela,Portugal,41.6874,N,-8.7181,W
Quinta da Marinha - Cabo Raso,Portugal,38.7093,N,-9.4853,W
São Pedro de Moel,Portugal,39.75,N,-9.0167,W
Torreira,Portugal,40.7635,N,-8.7108,W
Torreira2,Portugal,40.7634,N,-8.7106,W
Torreira3,Portugal,40.7653,N,-8.7102,W
Torreira4,Portugal,40.7652,N,-8.71,W
Torreira5,Portugal,40.7652,N,-8.7097,W
Torreira6,Portugal,40.7646,N,-8.7108,W
Torreira7,Portugal,40.7652,N,-8.7099,W
Torreira8,Portugal,40.7641,N,-8.711,W
Torreira9,Portugal,40.765,N,-8.7111,W
Vila Nova de Gaia - Aguda,Portugal,41.0582,N,-8.6561,W
Vila Nova de Gaia - Aguda5,Portugal,41.0579,N,-8.6563,W
Vila Nova de Gaia - Aguda2,Portugal,41.0569,N,-8.6557,W
Vila Nova de Gaia - Aguda6,Portugal,41.0583,N,-8.656,W
Vila Nova de Gaia - Aguda4,Portugal,41.0584,N,-8.6563,W
Vila Nova de Gaia - Aguda7,Portugal,41.0583,N,-8.6559,W
Vila Nova de Gaia - Aguda3,Portugal,41.0558,N,-8.6558,W
Vila Nova de Gaia - Aguda8,Portugal,41.0582,N,-8.6559,W
Vila Nova de Gaia - Francelos,Portugal,41.0799,N,-8.6565,W
Vila Nova de Gaia - Francelos2,Portugal,41.0847,N,-8.656,W
Vila Nova de Gaia - Francelos3,Portugal,41.083,N,-8.6563,W
Vila Nova de Gaia - Francelos4,Portugal,41.0834,N,-8.6562,W
Vila Nova de Gaia - Francelos5,Portugal,41.0824,N,-8.6563,W
Vila Nova de Gaia - Francelos6,Portugal,41.0812,N,-8.6564,W
Silvalde6,Portugal,40.9874,N,-8.6462,W
Silvalde7,Portugal,40.9867,N,-8.6463,W
Silvalde8,Portugal,40.9857,N,-8.6468,W
Silvalde9,Portugal,40.9871,N,-8.6464,W
El Bodón,Spain,40.489,N,-6.5773,W
La Alberca,Spain,40.5025,N,-6.086,W
Ciudad Rodrigo,Spain,40.6001,N,-6.5355,W
Fuenteguinaldo,Spain,40.42866,N,-6.67607,W
Fuenteguinaldo2,Spain,40.43057,N,-6.67185,W
Fuenteguinaldo3,Spain,40.4317,N,-6.67377,W
Villacastin,Spain,40.7833,N,-4.4167,W
El Berrueco2,Spain,40.8713,N,-3.5483,W
El Berrueco,Spain,40.8867,N,-3.558,W
El Berrueco3,Spain,40.8904,N,-3.565,W
Fuenterrebollo,Spain,41.2972,N,-3.9331,W
Burgomillodo,Spain,41.3385,N,-3.888,W
Torreira10,Portugal,40.7657,N,-8.7109,W
Esmoriz,Portugal,40.9597,N,-8.653,W
Esmoriz2,Portugal,40.9591,N,-8.6536,W
Esmoriz3,Portugal,40.9602,N,-8.653,W
Esmoriz4,Portugal,40.9546,N,-8.6558,W
Esmoriz5,Portugal,40.9594,N,-8.6528,W
Esmoriz6,Portugal,40.9596,N,-8.6529,W
Esmoriz7,Portugal,40.9599,N,-8.6531,W
Esmoriz8,Portugal,40.9591,N,-8.6529,W
Esmoriz9,Portugal,40.9596,N,-8.6531,W
Esmoriz10,Portugal,40.9591,N,-8.6534,W
Silvalde,Portugal,40.9876,N,-8.6461,W
Karlov pod Pradědem,Czech Republic,50.021,N,17.285,E
Moravský Beroun,Czech Republic,49.791,N,17.448,E
Ostravice 2,Czech Republic,49.539,N,18.396,E
Praha - Modřany 4,Czech Republic,49.998,N,14.442,E
Praha – Cholupice,Czech Republic,49.986,N,14.42,E
Krnov – Chomýž,Czech Republic,50.11,N,17.657,E
Šumperk,Czech Republic,49.98,N,16.98,E
Křišťanovice 2,Czech Republic,49.852,N,17.49,E
Niva 2,Czech Republic,49.435,N,16.874,E
Strašice,Czech Republic,49.7,N,13.81,E
Stránské,Czech Republic,49.903,N,17.302,E
Ostravice,Czech Republic,49.52,N,18.38,E
Suchomasty,Czech Republic,49.9,N,14.07,E
Hlavňov 1,Czech Republic,50.556,N,16.259,E
Międzylesie,Poland,50.189,N,16.809,E
Holčovice – Komora,Czech Republic,50.173,N,17.455,E
Křišťanovice 1,Czech Republic,49.845,N,17.514,E
Staré Město – Nová Véska,Czech Republic,50.02,N,17.4,E
Malá Štáhle,Czech Republic,49.943,N,17.34,E
Michelský les,Czech Republic,50.03,N,14.45,E
Libavá,Czech Republic,49.722,N,17.528,E
Roudno 1,Czech Republic,49.89,N,17.508,E
Zlaté Hory – Ondřejovice,Czech Republic,50.25,N,17.35,E
Hraničné Petrovice,Czech Republic,49.743,N,17.41,E
Vidnava,Czech Republic,50.368,N,17.188,E
Šternberk 2,Czech Republic,49.783,N,17.314,E
Hlubočec,Czech Republic,49.85,N,17.98,E
Stará Ves,Czech Republic,49.977,N,17.188,E
Velká Štáhle,Czech Republic,49.934,N,17.346,E
Mladkov,Czech Republic,50.097,N,16.634,E
Jakubčovice nad Odrou,Czech Republic,49.693,N,17.77,E
V Pekle,Czech Republic,49.579,N,17.616,E
Holčovice,Czech Republic,50.15,N,17.45,E
Průhonice,Czech Republic,49.992,N,14.568,E
Lichkov,Czech Republic,50.096,N,16.642,E
Kunčice pod Ondřejníkem,Czech Republic,49.537,N,18.295,E
Krasov,Czech Republic,50.091,N,17.549,E
Rejchartice,Czech Republic,49.802,N,17.524,E
Vyškovec,Czech Republic,48.94,N,17.854,E
Sovinec,Czech Republic,49.835,N,17.246,E
Zlaté Hory - Maria Hilf,Czech Republic,50.22,N,17.39,E
Praha - Modřany 3,Czech Republic,49.999,N,14.438,E
Prostřední Bečva,Czech Republic,49.442,N,18.251,E
Praha – Divoká Šárka,Czech Republic,50.1,N,14.32,E
Teplice nad Bečvou,Czech Republic,49.525,N,17.749,E
Štramberk 1,Czech Republic,49.58,N,18.1,E
Hostětín,Czech Republic,49.05,N,17.88,E
Moravský Kočov,Czech Republic,49.957,N,17.442,E
Olbramice,Czech Republic,49.612,N,17.011,E
Hukvaldy,Czech Republic,49.626,N,18.228,E
Praha – Cibulka,Czech Republic,50.067,N,14.356,E
Malinový žleb,Czech Republic,49.594,N,17.608,E
Křinice,Czech Republic,50.559,N,16.294,E
Kamenný žleb,Czech Republic,49.586,N,17.615,E
Velké Karlovice,Czech Republic,49.381,N,18.307,E
Sobotín,Czech Republic,49.993,N,17.152,E
Světlá Hora,Czech Republic,50.041,N,17.382,E
Želízy 2,Czech Republic,50.439,N,14.447,E
Hlavňov 2,Czech Republic,50.554,N,16.251,E
Javoříčko – Špraněk,Czech Republic,49.67,N,16.91,E
Křišťanovice 3,Czech Republic,49.868,N,17.508,E
Vajglov,Czech Republic,49.9,N,17.341,E
Oldřichovice,Czech Republic,49.63,N,18.65,E
Jánské Koupele,Czech Republic,49.838,N,17.703,E
Velké Dářko,Czech Republic,49.633,N,15.919,E
Svatý Hostýn,Czech Republic,49.376,N,17.697,E
Niva 1,Czech Republic,49.436,N,16.866,E
Jeseník,Czech Republic,50.23,N,17.2,E
Jablonná 1,Czech Republic,49.67,N,14.12,E
Norberčany,Czech Republic,49.756,N,17.506,E
Klokočůvek 2,Czech Republic,49.722,N,17.72,E
Velká Šťáhle,Czech Republic,49.92,N,17.361,E
Paseka,Czech Republic,49.797,N,17.247,E
Karlova Studánka 2,Czech Republic,50.07,N,17.362,E
Železná,Czech Republic,50.128,N,17.356,E
Želízy 1,Czech Republic,50.428,N,14.468,E
Slavkov 3,Czech Republic,49.589,N,17.545,E
Praha - Točná,Czech Republic,49.978,N,14.415,E
Odry – Dobešov 1,Czech Republic,49.673,N,17.773,E
Slavkov 1,Czech Republic,49.589,N,17.564,E
Jívová,Czech Republic,49.705,N,17.389,E
Protivanov,Czech Republic,49.465,N,16.838,E
Moravský Beroun 2,Czech Republic,49.786,N,17.43,E
Kamenka,Czech Republic,49.519,N,17.659,E
Týn nad Bečvou 1,Czech Republic,49.518,N,17.657,E
Ondřejov,Czech Republic,49.915,N,17.288,E
Jívka,Czech Republic,50.564,N,16.125,E
Valšov,Czech Republic,49.92,N,17.418,E
Loučná nad Desnou,Czech Republic,50.051,N,17.078,E
Rosovický hvozd,Czech Republic,49.78,N,14.09,E
Rýmařov – Stránské,Czech Republic,49.903,N,17.302,E
Slavkov 2,Czech Republic,49.573,N,17.557,E
Šternberk,Czech Republic,49.716,N,17.302,E
Krňany,Czech Republic,49.858,N,14.45,E
Petříkov,Czech Republic,50.19,N,17.05,E
Odry – Dobešov 2,Czech Republic,49.681,N,17.768,E
Olšovec,Czech Republic,49.6,N,17.71,E
Roudno 2,Czech Republic,49.905,N,17.512,E
Klokočůvek 1,Czech Republic,49.724,N,17.705,E
Partutovice,Czech Republic,49.65,N,17.71,E
Vidly,Czech Republic,50.11,N,17.27,E
Kadeřín,Czech Republic,50.522,N,16.21,E
Lipová,Czech Republic,49.523,N,16.894,E
Třinec – Lištná,Czech Republic,49.68,N,18.7,E
Krnov – Cvilín,Czech Republic,50.067,N,17.741,E
Otice,Czech Republic,49.91,N,17.86,E
Mnichov,Czech Republic,50.127,N,17.384,E
Uherský Brod,Czech Republic,49.023,N,17.669,E
Vápenná,Czech Republic,50.291,N,17.111,E
Potštát,Czech Republic,49.632,N,17.646,E
Vikantice,Czech Republic,50.13,N,16.98,E
Karlova Studánka,Czech Republic,50.087,N,17.296,E
Zlaté Hory – Rejvíz,Czech Republic,50.228,N,17.29,E
Hronov,Czech Republic,50.484,N,16.188,E
Jesenice,Czech Republic,49.96,N,14.54,E
Štramberk 2,Czech Republic,49.59,N,18.125,E
Svitavy,Czech Republic,49.74,N,16.5,E
Vražné,Czech Republic,49.62,N,17.86,E
Ondřejov – Dlouhá Loučka,Czech Republic,49.894,N,17.261,E
Tyra,Czech Republic,49.6,N,18.63,E
Petrov – Chlomek,Czech Republic,49.883,N,14.411,E
Jablonná 2,Czech Republic,49.671,N,14.104,E
Petrovice,Czech Republic,50.224,N,17.438,E
Zlaté Hory – Dolní Údolí,Czech Republic,50.225,N,17.345,E
Fulnek,Czech Republic,49.715,N,17.912,E
Heřmanovice 1,Czech Republic,50.209,N,17.41,E
Bludov,Czech Republic,49.95,N,16.93,E
Dolní Bušínov,Czech Republic,49.836,N,16.828,E
Bruntál 3,Czech Republic,49.977,N,17.433,E
Dvorce,Czech Republic,49.823,N,17.508,E
Čeladná,Czech Republic,49.551,N,18.343,E
Dětřichov nad Bystřicí,Czech Republic,49.835,N,17.401,E
Boňkov 2,Czech Republic,49.622,N,17.684,E
Dolní Moravice 2,Czech Republic,49.996,N,17.317,E
Bílá Voda,Czech Republic,50.42,N,16.878,E
Bruntál – Mezina,Czech Republic,49.968,N,17.471,E
Bruntál 1,Czech Republic,49.977,N,17.414,E
Herálec,Czech Republic,49.663,N,16.012,E
Dobroslavice,Czech Republic,49.886,N,18.166,E
Heřmanovice 2,Czech Republic,50.177,N,17.379,E
Chvalčov,Czech Republic,49.382,N,17.712,E
Saltdal,Norway,66.94914,N,15.37998,E
Bardufoss-Malselvfossen,Norway,69.02309,N,18.66672,E
Ruka-Kuusamo,Finland,66.20778,N,29.2175,E
Pisavaara,Finland,66.28,N,25.1,E
Buckarby,Sweden,60.21748,N,16.98013,E
Lillesand,Norway,58.24284,N,8.22718,E
Virolahti,Finland,60.59,N,27.68,E
Kilpisjärvi,Finland,69.05,N,20.816667,E
Inari,Finland,68.955222,N,26.701273,E
Mogadouro,Portugal,41.33154,N,-6.7400064,W
Castelo Mendo,Portugal,40.59784,N,-6.933332,W
Penamacor,Portugal,40.167,N,-7.25,W
Águas,Portugal,40.144,N,-7.198,W
Mirador de la Curota,Spain,42.625,N,-8.96,W
Rebordelo,Portugal,41.7241,N,-7.1236333,W
Penha Garcia,Portugal,40.00987,N,-7.0132833,W
Idanha-A-Nova2,Portugal,39.93561,N,-7.191825,W
Zebreira2,Portugal,39.91308,N,-7.091334,W
Idanha-A-Nova,Portugal,39.90735,N,-7.2057167,W
Aldeia de João Pires,Portugal,40.106,N,-7.154,W
Monsanto2,Portugal,40.053,N,-7.111,W
Aldeia de Santa Margarida,Portugal,40.05047,N,-7.274029,W
Monsanto,Portugal,40.00998,N,-7.1466333,W
Santa Bárbara de Casa,Spain,37.7892,N,-7.216966461,W
El Portil,Spain,37.24546,N,-7.097101485,W
Zebreira,Portugal,39.83877,N,-7.1116,W
Rosmaninhal,Portugal,39.732,N,-7.0914,W
Mayorga,Spain,39.26268,N,-7.1375667,W
Granja,Portugal,38.3181,N,-7.2616833,W
Lier,Norway,59.7686,N,10.2249,E
Lier2,Norway,59.7735,N,10.234,E
Lier3,Norway,59.7741,N,10.2384,E
Hyggen,Norway,59.7204,N,10.3582,E
Hyggen2,Norway,59.7174,N,10.362,E
Lillehammer,Norway,61.0821,N,10.5073,E
Brøttum,Norway,61.0428,N,10.5338,E
Brøttum2,Norway,61.0487,N,10.5249,E
Lahelldammen,Norway,59.7262,N,10.3155,E
Notodden,Norway,59.6304,N,9.322,
Notodden2,Norway,59.6518,N,9.3413,
Notodden3,Norway,59.6689,N,9.2969,
Notodden4,Norway,59.6178,N,9.3038,
